0|0|7113|DeskA|0:John|Unilever ord|2026-03-08|SIMULATION|SIMULATION
1|1|5246|DeskB|6:Sam|Asahi Chemical Ind.|2023-12-27|MATCHED|LIVE
2|2|8981|DeskA|4:Stan|Sumitomo Trust and Banking|2025-10-18|MATCHED|LIVE
3|3|3591|DeskA|8:Luke|Mitsubishi Estate|2017-10-21|SIMULATION|SIMULATION
4|4|9486|DeskA|3:Henry|Cosco Co.|2021-12-07|MATCHED|LIVE
5|5|2893|DeskB|9:John|Rockwell Automation  Inc.|2017-11-18|SIMULATION|SIMULATION
6|6|9135|DeskB|9:John|Formosa Plastics Corporation|2025-11-08|DONE|LIVE
7|7|2108|DeskA|0:John|Sumitomo Electric|2020-09-27|DONE|LIVE
8|8|1672|DeskA|6:Sam|China Life Insurance Company Limited|2023-12-14|MATCHED|LIVE
9|9|5510|DeskB|0:John|HSBC Holdings plc|2027-02-14|SIMULATION|SIMULATION
10|10|5339|DeskA|7:Lucy|Total System Services|2021-04-25|DONE|LIVE
11|11|7468|DeskA|9:John|Reed Elsevier PLC|2018-12-09|SIMULATION|SIMULATION
12|12|6441|DeskB|3:Henry|Mitsubishi Electric Co.|2024-01-19|DONE|LIVE
13|13|9971|DeskA|5:Eric|Toyota Industries|2020-02-27|DONE|LIVE
14|14|4808|DeskB|2:Charles|BHP Billiton Limited|2021-06-20|DONE|LIVE
15|15|6960|DeskA|4:Stan|Tyco International (New)|2024-02-26|DONE|LIVE
16|16|5136|DeskB|4:Stan|Mitsui Mining and Sm.|2022-05-13|MATCHED|LIVE
17|17|4699|DeskB|8:Luke|Mitsubishi Tokyo Financial Group|2017-05-24|MATCHED|LIVE
18|18|168|DeskA|7:Lucy|Vale R Doce-PNA (Companhia Vale do Rio Doce SA-CVRD) (ADR)|2021-08-04|DONE|LIVE
19|19|1663|DeskA|1:Will|Cathay Pacific Airways Ltd.|2020-04-02|DONE|LIVE
20|20|733|DeskA|2:Charles|Unilever ord|2018-04-11|SIMULATION|SIMULATION
21|21|88|DeskB|1:Will|Asahi Chemical Ind.|2026-03-27|DONE|LIVE
22|22|6748|DeskB|7:Lucy|Sumitomo Trust and Banking|2024-04-24|MATCHED|LIVE
23|23|5907|DeskB|7:Lucy|Mitsubishi Estate|2019-11-19|SIMULATION|SIMULATION
24|24|5523|DeskB|8:Luke|Cosco Co.|2020-11-03|SIMULATION|SIMULATION
25|25|5713|DeskB|0:John|Rockwell Automation  Inc.|2025-10-11|MATCHED|LIVE
26|26|7571|DeskA|5:Eric|Formosa Plastics Corporation|2018-01-15|DONE|LIVE
27|27|5331|DeskB|3:Henry|Sumitomo Electric|2022-09-05|MATCHED|LIVE
28|28|2064|DeskA|0:John|China Life Insurance Company Limited|2020-10-09|SIMULATION|SIMULATION
29|29|4127|DeskB|6:Sam|HSBC Holdings plc|2022-02-13|MATCHED|LIVE
30|30|6638|DeskB|2:Charles|Total System Services|2026-02-26|SIMULATION|SIMULATION
31|31|3769|DeskA|0:John|Reed Elsevier PLC|2022-04-24|DONE|LIVE
32|32|3094|DeskB|1:Will|Mitsubishi Electric Co.|2027-03-10|MATCHED|LIVE
33|33|7706|DeskB|6:Sam|Toyota Industries|2020-05-29|SIMULATION|SIMULATION
34|34|9854|DeskA|4:Stan|BHP Billiton Limited|2022-01-09|MATCHED|LIVE
35|35|6845|DeskB|6:Sam|Tyco International (New)|2025-12-10|DONE|LIVE
36|36|6644|DeskA|0:John|Mitsui Mining and Sm.|2021-09-26|SIMULATION|SIMULATION
37|37|9468|DeskA|3:Henry|Mitsubishi Tokyo Financial Group|2020-04-20|SIMULATION|SIMULATION
38|38|6020|DeskB|1:Will|Vale R Doce-PNA (Companhia Vale do Rio Doce SA-CVRD) (ADR)|2021-04-13|DONE|LIVE
39|39|7158|DeskA|9:John|Cathay Pacific Airways Ltd.|2026-09-01|DONE|LIVE
40|40|3612|DeskA|9:John|Unilever ord|2021-09-04|SIMULATION|SIMULATION
41|41|2124|DeskB|8:Luke|Asahi Chemical Ind.|2025-08-07|SIMULATION|SIMULATION
42|42|831|DeskA|7:Lucy|Sumitomo Trust and Banking|2021-10-13|DONE|LIVE
43|43|3359|DeskA|8:Luke|Mitsubishi Estate|2022-12-22|DONE|LIVE
44|44|8574|DeskB|5:Eric|Cosco Co.|2021-06-01|DONE|LIVE
45|45|260|DeskB|7:Lucy|Rockwell Automation  Inc.|2019-01-17|SIMULATION|SIMULATION
46|46|2720|DeskA|9:John|Formosa Plastics Corporation|2025-12-01|MATCHED|LIVE
47|47|7903|DeskA|4:Stan|Sumitomo Electric|2025-09-30|DONE|LIVE
48|48|7755|DeskA|2:Charles|China Life Insurance Company Limited|2023-01-11|SIMULATION|SIMULATION
49|49|7130|DeskA|8:Luke|HSBC Holdings plc|2017-09-27|DONE|LIVE
50|50|5304|DeskA|6:Sam|Total System Services|2019-10-02|MATCHED|LIVE
51|51|3423|DeskA|2:Charles|Reed Elsevier PLC|2024-05-06|SIMULATION|SIMULATION
52|52|8146|DeskB|5:Eric|Mitsubishi Electric Co.|2025-09-19|MATCHED|LIVE
53|53|7001|DeskA|4:Stan|Toyota Industries|2021-03-29|SIMULATION|SIMULATION
54|54|1559|DeskB|2:Charles|BHP Billiton Limited|2025-10-27|SIMULATION|SIMULATION
55|55|5703|DeskA|8:Luke|Tyco International (New)|2018-07-02|DONE|LIVE
56|56|3893|DeskA|9:John|Mitsui Mining and Sm.|2024-10-31|SIMULATION|SIMULATION
57|57|4153|DeskA|4:Stan|Mitsubishi Tokyo Financial Group|2022-01-11|MATCHED|LIVE
58|58|2797|DeskB|4:Stan|Vale R Doce-PNA (Companhia Vale do Rio Doce SA-CVRD) (ADR)|2024-09-07|DONE|LIVE
59|59|7968|DeskA|5:Eric|Cathay Pacific Airways Ltd.|2018-01-16|DONE|LIVE
60|60|4564|DeskB|8:Luke|Unilever ord|2021-12-06|SIMULATION|SIMULATION
61|61|1729|DeskA|2:Charles|Asahi Chemical Ind.|2027-02-25|MATCHED|LIVE
62|62|204|DeskB|2:Charles|Sumitomo Trust and Banking|2019-04-24|DONE|LIVE
63|63|2787|DeskB|2:Charles|Mitsubishi Estate|2024-03-21|DONE|LIVE
64|64|7023|DeskB|2:Charles|Cosco Co.|2025-06-11|SIMULATION|SIMULATION
65|65|9052|DeskA|6:Sam|Rockwell Automation  Inc.|2018-03-14|SIMULATION|SIMULATION
66|66|9236|DeskA|4:Stan|Formosa Plastics Corporation|2026-05-02|DONE|LIVE
67|67|5031|DeskA|1:Will|Sumitomo Electric|2020-04-06|SIMULATION|SIMULATION
68|68|8295|DeskB|4:Stan|China Life Insurance Company Limited|2021-11-22|SIMULATION|SIMULATION
69|69|1568|DeskA|6:Sam|HSBC Holdings plc|2023-08-22|SIMULATION|SIMULATION
70|70|3893|DeskB|2:Charles|Total System Services|2023-03-06|MATCHED|LIVE
71|71|5221|DeskA|1:Will|Reed Elsevier PLC|2022-10-31|DONE|LIVE
72|72|1885|DeskB|4:Stan|Mitsubishi Electric Co.|2024-07-20|SIMULATION|SIMULATION
73|73|8103|DeskB|2:Charles|Toyota Industries|2020-03-14|DONE|LIVE
74|74|9215|DeskA|0:John|BHP Billiton Limited|2025-05-07|SIMULATION|SIMULATION
75|75|5686|DeskB|1:Will|Tyco International (New)|2018-06-14|DONE|LIVE
76|76|6896|DeskA|1:Will|Mitsui Mining and Sm.|2022-02-16|MATCHED|LIVE
77|77|6248|DeskA|4:Stan|Mitsubishi Tokyo Financial Group|2020-11-24|MATCHED|LIVE
78|78|836|DeskB|6:Sam|Vale R Doce-PNA (Companhia Vale do Rio Doce SA-CVRD) (ADR)|2019-12-07|MATCHED|LIVE
79|79|691|DeskB|0:John|Cathay Pacific Airways Ltd.|2022-04-05|MATCHED|LIVE
80|80|7762|DeskA|7:Lucy|Unilever ord|2019-02-12|SIMULATION|SIMULATION
81|81|494|DeskB|0:John|Asahi Chemical Ind.|2019-02-03|DONE|LIVE
82|82|6355|DeskA|6:Sam|Sumitomo Trust and Banking|2023-09-22|DONE|LIVE
83|83|2899|DeskB|6:Sam|Mitsubishi Estate|2023-03-15|SIMULATION|SIMULATION
84|84|4115|DeskA|2:Charles|Cosco Co.|2019-05-04|SIMULATION|SIMULATION
85|85|9279|DeskB|6:Sam|Rockwell Automation  Inc.|2023-08-08|DONE|LIVE
86|86|4606|DeskB|8:Luke|Formosa Plastics Corporation|2019-12-13|SIMULATION|SIMULATION
87|87|1984|DeskA|1:Will|Sumitomo Electric|2026-09-03|MATCHED|LIVE
88|88|3828|DeskB|9:John|China Life Insurance Company Limited|2020-08-27|MATCHED|LIVE
89|89|1989|DeskB|6:Sam|HSBC Holdings plc|2019-05-31|MATCHED|LIVE
90|90|3172|DeskA|3:Henry|Total System Services|2024-08-18|MATCHED|LIVE
91|91|9570|DeskA|7:Lucy|Reed Elsevier PLC|2018-03-20|MATCHED|LIVE
92|92|7060|DeskB|3:Henry|Mitsubishi Electric Co.|2025-12-27|MATCHED|LIVE
93|93|6729|DeskA|8:Luke|Toyota Industries|2025-11-23|SIMULATION|SIMULATION
94|94|2615|DeskA|7:Lucy|BHP Billiton Limited|2027-01-19|DONE|LIVE
95|95|8833|DeskA|3:Henry|Tyco International (New)|2025-07-29|MATCHED|LIVE
96|96|6165|DeskA|6:Sam|Mitsui Mining and Sm.|2020-04-26|SIMULATION|SIMULATION
97|97|2401|DeskB|6:Sam|Mitsubishi Tokyo Financial Group|2018-09-10|MATCHED|LIVE
98|98|3622|DeskB|2:Charles|Vale R Doce-PNA (Companhia Vale do Rio Doce SA-CVRD) (ADR)|2024-11-29|DONE|LIVE
99|99|3269|DeskB|2:Charles|Cathay Pacific Airways Ltd.|2018-01-28|SIMULATION|SIMULATION
100|0|4758|DeskA|7:Lucy|Unilever ord|2018-09-01|SIMULATION|SIMULATION
101|1|6136|DeskB|5:Eric|Asahi Chemical Ind.|2021-04-18|SIMULATION|SIMULATION
102|2|7106|DeskA|1:Will|Sumitomo Trust and Banking|2022-03-25|DONE|LIVE
103|3|4520|DeskA|5:Eric|Mitsubishi Estate|2025-03-20|SIMULATION|SIMULATION
104|4|4394|DeskA|4:Stan|Cosco Co.|2019-01-19|DONE|LIVE
105|5|7750|DeskB|2:Charles|Rockwell Automation  Inc.|2020-06-30|MATCHED|LIVE
106|6|8941|DeskB|6:Sam|Formosa Plastics Corporation|2026-12-24|DONE|LIVE
107|7|7474|DeskA|0:John|Sumitomo Electric|2027-03-13|SIMULATION|SIMULATION
108|8|5727|DeskA|0:John|China Life Insurance Company Limited|2020-09-04|DONE|LIVE
109|9|210|DeskB|8:Luke|HSBC Holdings plc|2019-07-24|SIMULATION|SIMULATION
110|10|4949|DeskA|8:Luke|Total System Services|2024-05-18|DONE|LIVE
111|11|7195|DeskA|3:Henry|Reed Elsevier PLC|2025-08-29|DONE|LIVE
112|12|8214|DeskB|6:Sam|Mitsubishi Electric Co.|2018-02-03|DONE|LIVE
113|13|6|DeskA|5:Eric|Toyota Industries|2021-02-09|DONE|LIVE
114|14|9548|DeskB|2:Charles|BHP Billiton Limited|2021-03-21|SIMULATION|SIMULATION
115|15|2060|DeskA|0:John|Tyco International (New)|2026-09-03|MATCHED|LIVE
116|16|7873|DeskB|0:John|Mitsui Mining and Sm.|2025-05-11|SIMULATION|SIMULATION
117|17|7946|DeskB|6:Sam|Mitsubishi Tokyo Financial Group|2024-04-27|DONE|LIVE
118|18|3586|DeskA|6:Sam|Vale R Doce-PNA (Companhia Vale do Rio Doce SA-CVRD) (ADR)|2020-04-19|SIMULATION|SIMULATION
119|19|3245|DeskA|2:Charles|Cathay Pacific Airways Ltd.|2023-05-14|DONE|LIVE
120|20|8959|DeskA|7:Lucy|Unilever ord|2027-04-04|MATCHED|LIVE
121|21|7879|DeskB|3:Henry|Asahi Chemical Ind.|2022-05-26|SIMULATION|SIMULATION
122|22|8616|DeskB|1:Will|Sumitomo Trust and Banking|2026-04-03|DONE|LIVE
123|23|6776|DeskB|4:Stan|Mitsubishi Estate|2022-09-23|SIMULATION|SIMULATION
124|24|4577|DeskB|9:John|Cosco Co.|2017-11-16|SIMULATION|SIMULATION
125|25|3236|DeskB|3:Henry|Rockwell Automation  Inc.|2018-09-30|MATCHED|LIVE
126|26|7550|DeskA|9:John|Formosa Plastics Corporation|2019-01-26|DONE|LIVE
127|27|6323|DeskB|3:Henry|Sumitomo Electric|2018-04-15|DONE|LIVE
128|28|1063|DeskA|5:Eric|China Life Insurance Company Limited|2024-08-13|DONE|LIVE
129|29|460|DeskB|6:Sam|HSBC Holdings plc|2018-04-17|DONE|LIVE
130|30|757|DeskB|2:Charles|Total System Services|2020-04-14|SIMULATION|SIMULATION
131|31|4920|DeskA|3:Henry|Reed Elsevier PLC|2023-02-11|MATCHED|LIVE
132|32|9586|DeskB|7:Lucy|Mitsubishi Electric Co.|2026-07-19|DONE|LIVE
133|33|7381|DeskB|6:Sam|Toyota Industries|2021-11-11|MATCHED|LIVE
134|34|3021|DeskA|8:Luke|BHP Billiton Limited|2020-12-01|DONE|LIVE
135|35|1952|DeskB|8:Luke|Tyco International (New)|2021-10-14|DONE|LIVE
136|36|6787|DeskA|1:Will|Mitsui Mining and Sm.|2023-11-17|MATCHED|LIVE
137|37|8521|DeskA|3:Henry|Mitsubishi Tokyo Financial Group|2017-12-24|DONE|LIVE
138|38|6838|DeskB|9:John|Vale R Doce-PNA (Companhia Vale do Rio Doce SA-CVRD) (ADR)|2021-10-13|DONE|LIVE
139|39|9874|DeskA|6:Sam|Cathay Pacific Airways Ltd.|2020-12-05|SIMULATION|SIMULATION
140|40|7146|DeskA|6:Sam|Unilever ord|2018-01-29|SIMULATION|SIMULATION
141|41|8960|DeskB|8:Luke|Asahi Chemical Ind.|2022-07-01|MATCHED|LIVE
142|42|2002|DeskA|4:Stan|Sumitomo Trust and Banking|2018-12-06|SIMULATION|SIMULATION
143|43|7912|DeskA|6:Sam|Mitsubishi Estate|2021-03-22|SIMULATION|SIMULATION
144|44|1671|DeskB|8:Luke|Cosco Co.|2025-11-14|SIMULATION|SIMULATION
145|45|2194|DeskB|1:Will|Rockwell Automation  Inc.|2019-01-24|SIMULATION|SIMULATION
146|46|4049|DeskA|0:John|Formosa Plastics Corporation|2025-06-27|SIMULATION|SIMULATION
147|47|7370|DeskA|9:John|Sumitomo Electric|2026-11-11|DONE|LIVE
148|48|2699|DeskA|4:Stan|China Life Insurance Company Limited|2022-10-01|DONE|LIVE
149|49|3961|DeskA|5:Eric|HSBC Holdings plc|2020-02-23|MATCHED|LIVE
150|50|4546|DeskA|9:John|Total System Services|2019-12-09|SIMULATION|SIMULATION
151|51|5615|DeskA|2:Charles|Reed Elsevier PLC|2021-01-23|DONE|LIVE
152|52|1478|DeskB|1:Will|Mitsubishi Electric Co.|2024-08-01|MATCHED|LIVE
153|53|7116|DeskA|9:John|Toyota Industries|2024-10-11|DONE|LIVE
154|54|1960|DeskB|6:Sam|BHP Billiton Limited|2025-03-20|MATCHED|LIVE
155|55|5202|DeskA|5:Eric|Tyco International (New)|2019-05-28|DONE|LIVE
156|56|7066|DeskA|2:Charles|Mitsui Mining and Sm.|2020-05-15|SIMULATION|SIMULATION
157|57|3397|DeskA|4:Stan|Mitsubishi Tokyo Financial Group|2017-08-18|SIMULATION|SIMULATION
158|58|7889|DeskB|7:Lucy|Vale R Doce-PNA (Companhia Vale do Rio Doce SA-CVRD) (ADR)|2026-03-08|SIMULATION|SIMULATION
159|59|5370|DeskA|8:Luke|Cathay Pacific Airways Ltd.|2022-10-19|MATCHED|LIVE
160|60|822|DeskB|4:Stan|Unilever ord|2018-04-22|SIMULATION|SIMULATION
161|61|1674|DeskA|9:John|Asahi Chemical Ind.|2019-07-25|SIMULATION|SIMULATION
162|62|2080|DeskB|1:Will|Sumitomo Trust and Banking|2026-08-02|DONE|LIVE
163|63|4912|DeskB|7:Lucy|Mitsubishi Estate|2026-08-16|SIMULATION|SIMULATION
164|64|4843|DeskB|5:Eric|Cosco Co.|2018-11-08|MATCHED|LIVE
165|65|9286|DeskA|4:Stan|Rockwell Automation  Inc.|2017-08-15|MATCHED|LIVE
166|66|2691|DeskA|4:Stan|Formosa Plastics Corporation|2026-09-13|MATCHED|LIVE
167|67|60|DeskA|3:Henry|Sumitomo Electric|2023-01-01|MATCHED|LIVE
168|68|1385|DeskB|7:Lucy|China Life Insurance Company Limited|2020-08-01|MATCHED|LIVE
169|69|833|DeskA|6:Sam|HSBC Holdings plc|2023-06-21|MATCHED|LIVE
170|70|5292|DeskB|4:Stan|Total System Services|2018-09-25|MATCHED|LIVE
171|71|1031|DeskA|5:Eric|Reed Elsevier PLC|2021-03-19|MATCHED|LIVE
172|72|4385|DeskB|2:Charles|Mitsubishi Electric Co.|2017-09-22|DONE|LIVE
173|73|9890|DeskB|3:Henry|Toyota Industries|2022-12-22|SIMULATION|SIMULATION
174|74|3484|DeskA|9:John|BHP Billiton Limited|2024-02-23|SIMULATION|SIMULATION
175|75|8937|DeskB|0:John|Tyco International (New)|2017-07-02|SIMULATION|SIMULATION
176|76|1828|DeskA|2:Charles|Mitsui Mining and Sm.|2026-05-02|DONE|LIVE
177|77|9172|DeskA|7:Lucy|Mitsubishi Tokyo Financial Group|2021-03-28|SIMULATION|SIMULATION
178|78|9010|DeskB|1:Will|Vale R Doce-PNA (Companhia Vale do Rio Doce SA-CVRD) (ADR)|2022-03-29|MATCHED|LIVE
179|79|411|DeskB|6:Sam|Cathay Pacific Airways Ltd.|2018-08-24|MATCHED|LIVE
180|80|3905|DeskA|6:Sam|Unilever ord|2024-04-15|DONE|LIVE
181|81|8845|DeskB|2:Charles|Asahi Chemical Ind.|2022-01-08|DONE|LIVE
182|82|6223|DeskA|4:Stan|Sumitomo Trust and Banking|2022-06-13|DONE|LIVE
183|83|9830|DeskB|3:Henry|Mitsubishi Estate|2017-12-13|DONE|LIVE
184|84|2826|DeskA|2:Charles|Cosco Co.|2026-03-07|SIMULATION|SIMULATION
185|85|9686|DeskB|4:Stan|Rockwell Automation  Inc.|2023-05-11|MATCHED|LIVE
186|86|1396|DeskB|0:John|Formosa Plastics Corporation|2027-02-11|MATCHED|LIVE
187|87|6417|DeskA|5:Eric|Sumitomo Electric|2018-08-04|SIMULATION|SIMULATION
188|88|6447|DeskB|9:John|China Life Insurance Company Limited|2026-04-11|DONE|LIVE
189|89|8953|DeskB|0:John|HSBC Holdings plc|2020-04-14|MATCHED|LIVE
190|90|6401|DeskA|1:Will|Total System Services|2020-12-18|MATCHED|LIVE
191|91|6182|DeskA|3:Henry|Reed Elsevier PLC|2022-05-21|MATCHED|LIVE
192|92|7313|DeskB|4:Stan|Mitsubishi Electric Co.|2026-12-09|DONE|LIVE
193|93|8158|DeskA|8:Luke|Toyota Industries|2025-06-20|SIMULATION|SIMULATION
194|94|1655|DeskA|4:Stan|BHP Billiton Limited|2023-04-25|DONE|LIVE
195|95|1436|DeskA|0:John|Tyco International (New)|2025-04-15|DONE|LIVE
196|96|3551|DeskA|1:Will|Mitsui Mining and Sm.|2026-02-14|MATCHED|LIVE
197|97|1772|DeskB|1:Will|Mitsubishi Tokyo Financial Group|2021-05-11|DONE|LIVE
198|98|7910|DeskB|3:Henry|Vale R Doce-PNA (Companhia Vale do Rio Doce SA-CVRD) (ADR)|2018-05-21|MATCHED|LIVE
199|99|4141|DeskB|7:Lucy|Cathay Pacific Airways Ltd.|2019-10-09|DONE|LIVE
200|0|2331|DeskA|1:Will|Unilever ord|2018-10-25|MATCHED|LIVE
201|1|5037|DeskB|4:Stan|Asahi Chemical Ind.|2018-09-21|MATCHED|LIVE
202|2|6447|DeskA|7:Lucy|Sumitomo Trust and Banking|2020-03-11|MATCHED|LIVE
203|3|3184|DeskA|4:Stan|Mitsubishi Estate|2021-08-28|MATCHED|LIVE
204|4|5221|DeskA|4:Stan|Cosco Co.|2021-03-05|DONE|LIVE
205|5|6313|DeskB|8:Luke|Rockwell Automation  Inc.|2026-11-20|SIMULATION|SIMULATION
206|6|6114|DeskB|2:Charles|Formosa Plastics Corporation|2022-02-01|MATCHED|LIVE
207|7|4479|DeskA|2:Charles|Sumitomo Electric|2024-10-27|DONE|LIVE
208|8|557|DeskA|5:Eric|China Life Insurance Company Limited|2024-07-02|DONE|LIVE
209|9|1145|DeskB|3:Henry|HSBC Holdings plc|2026-11-09|DONE|LIVE
210|10|6960|DeskA|9:John|Total System Services|2024-05-11|SIMULATION|SIMULATION
211|11|402|DeskA|2:Charles|Reed Elsevier PLC|2024-12-22|DONE|LIVE
212|12|4932|DeskB|8:Luke|Mitsubishi Electric Co.|2017-08-28|DONE|LIVE
213|13|837|DeskA|4:Stan|Toyota Industries|2021-12-26|SIMULATION|SIMULATION
214|14|6137|DeskB|4:Stan|BHP Billiton Limited|2026-03-11|MATCHED|LIVE
215|15|9281|DeskA|6:Sam|Tyco International (New)|2024-03-27|SIMULATION|SIMULATION
216|16|731|DeskB|3:Henry|Mitsui Mining and Sm.|2021-11-19|SIMULATION|SIMULATION
217|17|9941|DeskB|5:Eric|Mitsubishi Tokyo Financial Group|2026-06-02|SIMULATION|SIMULATION
218|18|4813|DeskA|8:Luke|Vale R Doce-PNA (Companhia Vale do Rio Doce SA-CVRD) (ADR)|2023-11-05|MATCHED|LIVE
219|19|8692|DeskA|1:Will|Cathay Pacific Airways Ltd.|2024-04-02|SIMULATION|SIMULATION
220|20|9058|DeskA|5:Eric|Unilever ord|2024-10-04|DONE|LIVE
221|21|3763|DeskB|3:Henry|Asahi Chemical Ind.|2024-06-21|MATCHED|LIVE
222|22|2782|DeskB|1:Will|Sumitomo Trust and Banking|2019-10-28|DONE|LIVE
223|23|6038|DeskB|7:Lucy|Mitsubishi Estate|2024-03-08|SIMULATION|SIMULATION
224|24|5049|DeskB|6:Sam|Cosco Co.|2021-09-22|SIMULATION|SIMULATION
225|25|4549|DeskB|4:Stan|Rockwell Automation  Inc.|2026-10-11|DONE|LIVE
226|26|1323|DeskA|6:Sam|Formosa Plastics Corporation|2024-04-11|MATCHED|LIVE
227|27|8332|DeskB|4:Stan|Sumitomo Electric|2019-02-25|MATCHED|LIVE
228|28|1329|DeskA|9:John|China Life Insurance Company Limited|2026-03-18|MATCHED|LIVE
229|29|4967|DeskB|6:Sam|HSBC Holdings plc|2024-11-14|SIMULATION|SIMULATION
230|30|1894|DeskB|4:Stan|Total System Services|2025-01-27|MATCHED|LIVE
231|31|9218|DeskA|5:Eric|Reed Elsevier PLC|2018-03-17|SIMULATION|SIMULATION
232|32|4522|DeskB|2:Charles|Mitsubishi Electric Co.|2019-07-10|DONE|LIVE
233|33|9470|DeskB|3:Henry|Toyota Industries|2023-10-27|MATCHED|LIVE
234|34|3838|DeskA|8:Luke|BHP Billiton Limited|2020-11-17|SIMULATION|SIMULATION
235|35|9646|DeskB|5:Eric|Tyco International (New)|2017-12-02|MATCHED|LIVE
236|36|3605|DeskA|9:John|Mitsui Mining and Sm.|2024-07-14|DONE|LIVE
237|37|7141|DeskA|2:Charles|Mitsubishi Tokyo Financial Group|2020-09-19|DONE|LIVE
238|38|5237|DeskB|1:Will|Vale R Doce-PNA (Companhia Vale do Rio Doce SA-CVRD) (ADR)|2022-02-03|SIMULATION|SIMULATION
239|39|6665|DeskA|5:Eric|Cathay Pacific Airways Ltd.|2026-11-27|SIMULATION|SIMULATION
240|40|1299|DeskA|9:John|Unilever ord|2025-07-11|MATCHED|LIVE
241|41|9875|DeskB|6:Sam|Asahi Chemical Ind.|2020-11-15|SIMULATION|SIMULATION
242|42|842|DeskA|5:Eric|Sumitomo Trust and Banking|2026-03-13|MATCHED|LIVE
243|43|3996|DeskA|6:Sam|Mitsubishi Estate|2023-10-13|DONE|LIVE
244|44|1684|DeskB|3:Henry|Cosco Co.|2026-07-07|MATCHED|LIVE
245|45|113|DeskB|4:Stan|Rockwell Automation  Inc.|2018-06-09|SIMULATION|SIMULATION
246|46|5870|DeskA|6:Sam|Formosa Plastics Corporation|2019-08-09|SIMULATION|SIMULATION
247|47|640|DeskA|9:John|Sumitomo Electric|2021-03-01|MATCHED|LIVE
248|48|7192|DeskA|3:Henry|China Life Insurance Company Limited|2024-09-10|SIMULATION|SIMULATION
249|49|4648|DeskA|1:Will|HSBC Holdings plc|2024-10-25|DONE|LIVE
250|50|9539|DeskA|8:Luke|Total System Services|2023-02-03|SIMULATION|SIMULATION
251|51|7628|DeskA|0:John|Reed Elsevier PLC|2025-08-04|SIMULATION|SIMULATION
252|52|7280|DeskB|1:Will|Mitsubishi Electric Co.|2018-03-18|SIMULATION|SIMULATION
253|53|2656|DeskA|0:John|Toyota Industries|2025-12-04|MATCHED|LIVE
254|54|4343|DeskB|2:Charles|BHP Billiton Limited|2022-07-16|DONE|LIVE
255|55|5450|DeskA|1:Will|Tyco International (New)|2020-04-25|DONE|LIVE
256|56|7277|DeskA|0:John|Mitsui Mining and Sm.|2022-09-11|MATCHED|LIVE
257|57|530|DeskA|6:Sam|Mitsubishi Tokyo Financial Group|2024-03-11|SIMULATION|SIMULATION
258|58|3276|DeskB|0:John|Vale R Doce-PNA (Companhia Vale do Rio Doce SA-CVRD) (ADR)|2020-04-12|MATCHED|LIVE
259|59|3138|DeskA|2:Charles|Cathay Pacific Airways Ltd.|2019-01-06|SIMULATION|SIMULATION
260|60|6126|DeskB|8:Luke|Unilever ord|2020-08-04|DONE|LIVE
261|61|9957|DeskA|8:Luke|Asahi Chemical Ind.|2023-03-11|DONE|LIVE
262|62|3618|DeskB|5:Eric|Sumitomo Trust and Banking|2022-07-21|DONE|LIVE
263|63|4443|DeskB|6:Sam|Mitsubishi Estate|2017-07-25|MATCHED|LIVE
264|64|3349|DeskB|9:John|Cosco Co.|2024-12-31|SIMULATION|SIMULATION
265|65|132|DeskA|2:Charles|Rockwell Automation  Inc.|2018-10-22|MATCHED|LIVE
266|66|7674|DeskA|4:Stan|Formosa Plastics Corporation|2021-01-24|SIMULATION|SIMULATION
267|67|5552|DeskA|9:John|Sumitomo Electric|2023-07-13|DONE|LIVE
268|68|9410|DeskB|5:Eric|China Life Insurance Company Limited|2024-10-14|MATCHED|LIVE
269|69|341|DeskA|8:Luke|HSBC Holdings plc|2023-02-15|SIMULATION|SIMULATION
270|70|6452|DeskB|6:Sam|Total System Services|2019-10-16|SIMULATION|SIMULATION
271|71|3464|DeskA|5:Eric|Reed Elsevier PLC|2027-03-04|DONE|LIVE
272|72|7046|DeskB|4:Stan|Mitsubishi Electric Co.|2017-11-19|SIMULATION|SIMULATION
273|73|9298|DeskB|4:Stan|Toyota Industries|2024-06-26|SIMULATION|SIMULATION
274|74|2001|DeskA|3:Henry|BHP Billiton Limited|2021-12-30|DONE|LIVE
275|75|8620|DeskB|6:Sam|Tyco International (New)|2026-12-03|MATCHED|LIVE
276|76|5920|DeskA|7:Lucy|Mitsui Mining and Sm.|2018-12-28|SIMULATION|SIMULATION
277|77|4946|DeskA|3:Henry|Mitsubishi Tokyo Financial Group|2026-09-16|SIMULATION|SIMULATION
278|78|7169|DeskB|5:Eric|Vale R Doce-PNA (Companhia Vale do Rio Doce SA-CVRD) (ADR)|2017-07-08|MATCHED|LIVE
279|79|5428|DeskB|9:John|Cathay Pacific Airways Ltd.|2021-07-13|SIMULATION|SIMULATION
280|80|8226|DeskA|8:Luke|Unilever ord|2022-11-30|SIMULATION|SIMULATION
281|81|2672|DeskB|7:Lucy|Asahi Chemical Ind.|2019-05-12|DONE|LIVE
282|82|1268|DeskA|4:Stan|Sumitomo Trust and Banking|2024-02-27|DONE|LIVE
283|83|9609|DeskB|1:Will|Mitsubishi Estate|2024-06-11|SIMULATION|SIMULATION
284|84|3884|DeskA|2:Charles|Cosco Co.|2020-09-12|SIMULATION|SIMULATION
285|85|3954|DeskB|1:Will|Rockwell Automation  Inc.|2023-02-06|SIMULATION|SIMULATION
286|86|3996|DeskB|2:Charles|Formosa Plastics Corporation|2025-06-13|DONE|LIVE
287|87|4323|DeskA|1:Will|Sumitomo Electric|2019-06-25|MATCHED|LIVE
288|88|3022|DeskB|5:Eric|China Life Insurance Company Limited|2023-12-30|MATCHED|LIVE
289|89|9683|DeskB|7:Lucy|HSBC Holdings plc|2025-03-25|MATCHED|LIVE
290|90|2505|DeskA|9:John|Total System Services|2025-12-25|MATCHED|LIVE
291|91|8651|DeskA|6:Sam|Reed Elsevier PLC|2018-01-23|MATCHED|LIVE
292|92|2569|DeskB|5:Eric|Mitsubishi Electric Co.|2019-09-02|MATCHED|LIVE
293|93|2121|DeskA|0:John|Toyota Industries|2026-03-07|SIMULATION|SIMULATION
294|94|267|DeskA|9:John|BHP Billiton Limited|2023-04-16|MATCHED|LIVE
295|95|3721|DeskA|1:Will|Tyco International (New)|2023-12-11|SIMULATION|SIMULATION
296|96|5389|DeskA|7:Lucy|Mitsui Mining and Sm.|2023-08-26|SIMULATION|SIMULATION
297|97|8733|DeskB|3:Henry|Mitsubishi Tokyo Financial Group|2021-01-23|DONE|LIVE
298|98|9042|DeskB|6:Sam|Vale R Doce-PNA (Companhia Vale do Rio Doce SA-CVRD) (ADR)|2022-05-21|SIMULATION|SIMULATION
299|99|1191|DeskB|2:Charles|Cathay Pacific Airways Ltd.|2023-02-06|MATCHED|LIVE
300|0|9116|DeskA|9:John|Unilever ord|2025-08-10|MATCHED|LIVE
301|1|4505|DeskB|7:Lucy|Asahi Chemical Ind.|2019-03-22|DONE|LIVE
302|2|1712|DeskA|8:Luke|Sumitomo Trust and Banking|2023-06-02|DONE|LIVE
303|3|251|DeskA|3:Henry|Mitsubishi Estate|2025-02-15|SIMULATION|SIMULATION
304|4|85|DeskA|1:Will|Cosco Co.|2025-06-25|DONE|LIVE
305|5|8037|DeskB|2:Charles|Rockwell Automation  Inc.|2020-06-27|SIMULATION|SIMULATION
306|6|3572|DeskB|2:Charles|Formosa Plastics Corporation|2022-10-08|DONE|LIVE
307|7|7808|DeskA|2:Charles|Sumitomo Electric|2020-03-26|SIMULATION|SIMULATION
308|8|3241|DeskA|4:Stan|China Life Insurance Company Limited|2020-10-21|MATCHED|LIVE
309|9|5976|DeskB|3:Henry|HSBC Holdings plc|2017-07-19|DONE|LIVE
310|10|6272|DeskA|8:Luke|Total System Services|2021-03-26|DONE|LIVE
311|11|8060|DeskA|8:Luke|Reed Elsevier PLC|2021-05-03|MATCHED|LIVE
312|12|7256|DeskB|7:Lucy|Mitsubishi Electric Co.|2019-08-27|SIMULATION|SIMULATION
313|13|9372|DeskA|4:Stan|Toyota Industries|2026-02-11|DONE|LIVE
314|14|5571|DeskB|5:Eric|BHP Billiton Limited|2024-04-25|MATCHED|LIVE
315|15|9722|DeskA|9:John|Tyco International (New)|2019-07-05|MATCHED|LIVE
316|16|7171|DeskB|1:Will|Mitsui Mining and Sm.|2021-03-09|MATCHED|LIVE
317|17|7385|DeskB|3:Henry|Mitsubishi Tokyo Financial Group|2024-08-03|MATCHED|LIVE
318|18|9054|DeskA|9:John|Vale R Doce-PNA (Companhia Vale do Rio Doce SA-CVRD) (ADR)|2020-12-21|DONE|LIVE
319|19|6225|DeskA|6:Sam|Cathay Pacific Airways Ltd.|2023-10-28|SIMULATION|SIMULATION
320|20|1419|DeskA|5:Eric|Unilever ord|2023-12-13|DONE|LIVE
321|21|5656|DeskB|8:Luke|Asahi Chemical Ind.|2026-05-14|DONE|LIVE
322|22|7490|DeskB|9:John|Sumitomo Trust and Banking|2018-05-19|DONE|LIVE
323|23|3561|DeskB|8:Luke|Mitsubishi Estate|2026-02-02|MATCHED|LIVE
324|24|5344|DeskB|3:Henry|Cosco Co.|2020-03-09|MATCHED|LIVE
325|25|1873|DeskB|2:Charles|Rockwell Automation  Inc.|2021-10-02|SIMULATION|SIMULATION
326|26|2512|DeskA|2:Charles|Formosa Plastics Corporation|2018-08-08|MATCHED|LIVE
327|27|4572|DeskB|9:John|Sumitomo Electric|2018-10-08|MATCHED|LIVE
328|28|9090|DeskA|3:Henry|China Life Insurance Company Limited|2017-05-19|DONE|LIVE
329|29|2380|DeskB|1:Will|HSBC Holdings plc|2023-04-04|SIMULATION|SIMULATION
330|30|6135|DeskB|1:Will|Total System Services|2021-01-17|DONE|LIVE
331|31|2754|DeskA|7:Lucy|Reed Elsevier PLC|2024-06-11|SIMULATION|SIMULATION
332|32|9202|DeskB|9:John|Mitsubishi Electric Co.|2020-08-01|MATCHED|LIVE
333|33|5010|DeskB|8:Luke|Toyota Industries|2024-10-08|MATCHED|LIVE
334|34|3656|DeskA|7:Lucy|BHP Billiton Limited|2023-11-22|MATCHED|LIVE
335|35|563|DeskB|1:Will|Tyco International (New)|2019-01-04|DONE|LIVE
336|36|9040|DeskA|4:Stan|Mitsui Mining and Sm.|2025-02-14|DONE|LIVE
337|37|5564|DeskA|8:Luke|Mitsubishi Tokyo Financial Group|2020-08-17|DONE|LIVE
338|38|7524|DeskB|2:Charles|Vale R Doce-PNA (Companhia Vale do Rio Doce SA-CVRD) (ADR)|2025-04-15|MATCHED|LIVE
339|39|3592|DeskA|3:Henry|Cathay Pacific Airways Ltd.|2018-04-12|DONE|LIVE
340|40|6478|DeskA|5:Eric|Unilever ord|2018-01-06|SIMULATION|SIMULATION
341|41|9666|DeskB|2:Charles|Asahi Chemical Ind.|2017-08-10|MATCHED|LIVE
342|42|7307|DeskA|8:Luke|Sumitomo Trust and Banking|2026-12-12|MATCHED|LIVE
343|43|8233|DeskA|1:Will|Mitsubishi Estate|2020-04-26|DONE|LIVE
344|44|4043|DeskB|0:John|Cosco Co.|2019-09-13|MATCHED|LIVE
345|45|9933|DeskB|9:John|Rockwell Automation  Inc.|2026-06-17|DONE|LIVE
346|46|4110|DeskA|3:Henry|Formosa Plastics Corporation|2021-12-31|MATCHED|LIVE
347|47|4271|DeskA|9:John|Sumitomo Electric|2024-10-21|SIMULATION|SIMULATION
348|48|4503|DeskA|3:Henry|China Life Insurance Company Limited|2019-11-07|MATCHED|LIVE
349|49|1188|DeskA|6:Sam|HSBC Holdings plc|2027-01-15|MATCHED|LIVE
350|50|2861|DeskA|8:Luke|Total System Services|2022-11-08|DONE|LIVE
351|51|1843|DeskA|6:Sam|Reed Elsevier PLC|2021-02-09|MATCHED|LIVE
352|52|1461|DeskB|3:Henry|Mitsubishi Electric Co.|2017-09-07|MATCHED|LIVE
353|53|2786|DeskA|6:Sam|Toyota Industries|2026-03-20|MATCHED|LIVE
354|54|4536|DeskB|2:Charles|BHP Billiton Limited|2020-06-23|MATCHED|LIVE
355|55|6844|DeskA|9:John|Tyco International (New)|2017-06-20|SIMULATION|SIMULATION
356|56|3539|DeskA|2:Charles|Mitsui Mining and Sm.|2026-10-29|SIMULATION|SIMULATION
357|57|2589|DeskA|9:John|Mitsubishi Tokyo Financial Group|2019-01-16|SIMULATION|SIMULATION
358|58|1553|DeskB|7:Lucy|Vale R Doce-PNA (Companhia Vale do Rio Doce SA-CVRD) (ADR)|2021-04-15|DONE|LIVE
359|59|1587|DeskA|7:Lucy|Cathay Pacific Airways Ltd.|2019-11-03|MATCHED|LIVE
360|60|867|DeskB|8:Luke|Unilever ord|2024-04-05|SIMULATION|SIMULATION
361|61|7967|DeskA|5:Eric|Asahi Chemical Ind.|2018-02-06|DONE|LIVE
362|62|7640|DeskB|6:Sam|Sumitomo Trust and Banking|2017-04-27|MATCHED|LIVE
363|63|6610|DeskB|6:Sam|Mitsubishi Estate|2025-06-12|DONE|LIVE
364|64|1428|DeskB|0:John|Cosco Co.|2022-02-25|DONE|LIVE
365|65|5584|DeskA|4:Stan|Rockwell Automation  Inc.|2021-01-02|MATCHED|LIVE
366|66|2653|DeskA|5:Eric|Formosa Plastics Corporation|2020-01-28|MATCHED|LIVE
367|67|367|DeskA|8:Luke|Sumitomo Electric|2021-08-11|SIMULATION|SIMULATION
368|68|4152|DeskB|1:Will|China Life Insurance Company Limited|2018-01-24|DONE|LIVE
369|69|7416|DeskA|9:John|HSBC Holdings plc|2019-05-03|SIMULATION|SIMULATION
370|70|8992|DeskB|9:John|Total System Services|2018-06-10|SIMULATION|SIMULATION
371|71|3605|DeskA|3:Henry|Reed Elsevier PLC|2022-10-28|SIMULATION|SIMULATION
372|72|9087|DeskB|3:Henry|Mitsubishi Electric Co.|2026-06-11|DONE|LIVE
373|73|3521|DeskB|9:John|Toyota Industries|2017-06-12|SIMULATION|SIMULATION
374|74|3923|DeskA|6:Sam|BHP Billiton Limited|2019-06-30|MATCHED|LIVE
375|75|8970|DeskB|8:Luke|Tyco International (New)|2026-09-20|MATCHED|LIVE
376|76|9834|DeskA|8:Luke|Mitsui Mining and Sm.|2017-12-25|MATCHED|LIVE
377|77|7410|DeskA|8:Luke|Mitsubishi Tokyo Financial Group|2019-03-12|MATCHED|LIVE
378|78|3445|DeskB|0:John|Vale R Doce-PNA (Companhia Vale do Rio Doce SA-CVRD) (ADR)|2018-12-07|SIMULATION|SIMULATION
379|79|3289|DeskB|6:Sam|Cathay Pacific Airways Ltd.|2020-10-20|SIMULATION|SIMULATION
380|80|6504|DeskA|5:Eric|Unilever ord|2023-11-30|DONE|LIVE
381|81|5444|DeskB|7:Lucy|Asahi Chemical Ind.|2023-02-08|DONE|LIVE
382|82|9128|DeskA|3:Henry|Sumitomo Trust and Banking|2020-06-20|DONE|LIVE
383|83|553|DeskB|8:Luke|Mitsubishi Estate|2025-03-28|DONE|LIVE
384|84|9979|DeskA|7:Lucy|Cosco Co.|2023-07-04|DONE|LIVE
385|85|5904|DeskB|4:Stan|Rockwell Automation  Inc.|2017-09-07|SIMULATION|SIMULATION
386|86|8459|DeskB|5:Eric|Formosa Plastics Corporation|2020-04-24|DONE|LIVE
387|87|8387|DeskA|7:Lucy|Sumitomo Electric|2022-02-28|MATCHED|LIVE
388|88|7683|DeskB|8:Luke|China Life Insurance Company Limited|2022-04-07|MATCHED|LIVE
389|89|5822|DeskB|7:Lucy|HSBC Holdings plc|2017-05-20|SIMULATION|SIMULATION
390|90|5215|DeskA|8:Luke|Total System Services|2019-05-19|MATCHED|LIVE
391|91|703|DeskA|6:Sam|Reed Elsevier PLC|2025-08-06|SIMULATION|SIMULATION
392|92|7680|DeskB|5:Eric|Mitsubishi Electric Co.|2027-01-01|DONE|LIVE
393|93|5510|DeskA|4:Stan|Toyota Industries|2018-11-27|SIMULATION|SIMULATION
394|94|6134|DeskA|8:Luke|BHP Billiton Limited|2024-07-09|MATCHED|LIVE
395|95|2758|DeskA|9:John|Tyco International (New)|2026-03-24|DONE|LIVE
396|96|1635|DeskA|8:Luke|Mitsui Mining and Sm.|2024-11-01|MATCHED|LIVE
397|97|8114|DeskB|8:Luke|Mitsubishi Tokyo Financial Group|2025-09-01|MATCHED|LIVE
398|98|7486|DeskB|9:John|Vale R Doce-PNA (Companhia Vale do Rio Doce SA-CVRD) (ADR)|2019-05-06|SIMULATION|SIMULATION
399|99|6928|DeskB|3:Henry|Cathay Pacific Airways Ltd.|2017-09-14|SIMULATION|SIMULATION
400|0|2429|DeskA|9:John|Unilever ord|2023-03-18|DONE|LIVE
401|1|409|DeskB|7:Lucy|Asahi Chemical Ind.|2023-04-02|DONE|LIVE
402|2|2377|DeskA|8:Luke|Sumitomo Trust and Banking|2019-01-05|DONE|LIVE
403|3|7238|DeskA|6:Sam|Mitsubishi Estate|2026-07-22|SIMULATION|SIMULATION
404|4|429|DeskA|3:Henry|Cosco Co.|2018-02-09|MATCHED|LIVE
405|5|1300|DeskB|2:Charles|Rockwell Automation  Inc.|2026-04-01|DONE|LIVE
406|6|1735|DeskB|1:Will|Formosa Plastics Corporation|2017-08-05|DONE|LIVE
407|7|4544|DeskA|8:Luke|Sumitomo Electric|2018-12-09|SIMULATION|SIMULATION
408|8|2645|DeskA|2:Charles|China Life Insurance Company Limited|2019-08-07|MATCHED|LIVE
409|9|9708|DeskB|4:Stan|HSBC Holdings plc|2017-12-10|DONE|LIVE
410|10|5721|DeskA|7:Lucy|Total System Services|2023-04-30|SIMULATION|SIMULATION
411|11|9400|DeskA|1:Will|Reed Elsevier PLC|2018-01-24|MATCHED|LIVE
412|12|5989|DeskB|8:Luke|Mitsubishi Electric Co.|2024-07-16|MATCHED|LIVE
413|13|6472|DeskA|2:Charles|Toyota Industries|2019-05-02|MATCHED|LIVE
414|14|8031|DeskB|8:Luke|BHP Billiton Limited|2026-09-15|DONE|LIVE
415|15|1988|DeskA|5:Eric|Tyco International (New)|2017-05-13|DONE|LIVE
416|16|5982|DeskB|4:Stan|Mitsui Mining and Sm.|2021-11-14|MATCHED|LIVE
417|17|2851|DeskB|5:Eric|Mitsubishi Tokyo Financial Group|2022-03-08|DONE|LIVE
418|18|5034|DeskA|1:Will|Vale R Doce-PNA (Companhia Vale do Rio Doce SA-CVRD) (ADR)|2020-06-09|SIMULATION|SIMULATION
419|19|6094|DeskA|8:Luke|Cathay Pacific Airways Ltd.|2020-01-14|SIMULATION|SIMULATION
420|20|6783|DeskA|6:Sam|Unilever ord|2026-08-21|SIMULATION|SIMULATION
421|21|3811|DeskB|3:Henry|Asahi Chemical Ind.|2022-02-21|DONE|LIVE
422|22|3226|DeskB|2:Charles|Sumitomo Trust and Banking|2024-07-24|DONE|LIVE
423|23|1711|DeskB|7:Lucy|Mitsubishi Estate|2023-01-23|SIMULATION|SIMULATION
424|24|8538|DeskB|1:Will|Cosco Co.|2020-05-04|MATCHED|LIVE
425|25|6194|DeskB|1:Will|Rockwell Automation  Inc.|2024-05-11|MATCHED|LIVE
426|26|5120|DeskA|0:John|Formosa Plastics Corporation|2025-05-17|SIMULATION|SIMULATION
427|27|5454|DeskB|5:Eric|Sumitomo Electric|2022-11-02|DONE|LIVE
428|28|1375|DeskA|4:Stan|China Life Insurance Company Limited|2024-09-20|MATCHED|LIVE
429|29|3272|DeskB|3:Henry|HSBC Holdings plc|2024-02-21|DONE|LIVE
430|30|2396|DeskB|0:John|Total System Services|2022-05-09|SIMULATION|SIMULATION
431|31|4021|DeskA|9:John|Reed Elsevier PLC|2021-05-26|MATCHED|LIVE
432|32|222|DeskB|9:John|Mitsubishi Electric Co.|2026-08-24|DONE|LIVE
433|33|8798|DeskB|3:Henry|Toyota Industries|2023-11-10|SIMULATION|SIMULATION
434|34|270|DeskA|7:Lucy|BHP Billiton Limited|2025-06-16|DONE|LIVE
435|35|6268|DeskB|9:John|Tyco International (New)|2024-09-05|SIMULATION|SIMULATION
436|36|4568|DeskA|7:Lucy|Mitsui Mining and Sm.|2023-10-19|DONE|LIVE
437|37|4587|DeskA|5:Eric|Mitsubishi Tokyo Financial Group|2019-04-10|SIMULATION|SIMULATION
438|38|6312|DeskB|0:John|Vale R Doce-PNA (Companhia Vale do Rio Doce SA-CVRD) (ADR)|2024-06-17|MATCHED|LIVE
439|39|4747|DeskA|7:Lucy|Cathay Pacific Airways Ltd.|2025-06-30|DONE|LIVE
440|40|654|DeskA|9:John|Unilever ord|2022-06-23|MATCHED|LIVE
441|41|8442|DeskB|1:Will|Asahi Chemical Ind.|2025-05-30|DONE|LIVE
442|42|3946|DeskA|1:Will|Sumitomo Trust and Banking|2022-07-22|SIMULATION|SIMULATION
443|43|8442|DeskA|9:John|Mitsubishi Estate|2022-08-06|MATCHED|LIVE
444|44|5007|DeskB|5:Eric|Cosco Co.|2021-07-28|MATCHED|LIVE
445|45|7457|DeskB|4:Stan|Rockwell Automation  Inc.|2023-08-07|MATCHED|LIVE
446|46|3251|DeskA|0:John|Formosa Plastics Corporation|2018-07-25|MATCHED|LIVE
447|47|9492|DeskA|4:Stan|Sumitomo Electric|2021-02-28|SIMULATION|SIMULATION
448|48|2157|DeskA|0:John|China Life Insurance Company Limited|2022-04-08|DONE|LIVE
449|49|6042|DeskA|4:Stan|HSBC Holdings plc|2017-08-08|DONE|LIVE
450|50|7222|DeskA|1:Will|Total System Services|2024-04-13|DONE|LIVE
451|51|5566|DeskA|5:Eric|Reed Elsevier PLC|2025-08-03|MATCHED|LIVE
452|52|9016|DeskB|4:Stan|Mitsubishi Electric Co.|2027-02-02|SIMULATION|SIMULATION
453|53|2941|DeskA|2:Charles|Toyota Industries|2022-08-29|MATCHED|LIVE
454|54|9665|DeskB|3:Henry|BHP Billiton Limited|2019-02-03|MATCHED|LIVE
455|55|772|DeskA|9:John|Tyco International (New)|2025-09-21|SIMULATION|SIMULATION
456|56|720|DeskA|1:Will|Mitsui Mining and Sm.|2020-01-05|DONE|LIVE
457|57|2050|DeskA|9:John|Mitsubishi Tokyo Financial Group|2026-12-30|SIMULATION|SIMULATION
458|58|3366|DeskB|5:Eric|Vale R Doce-PNA (Companhia Vale do Rio Doce SA-CVRD) (ADR)|2022-01-14|DONE|LIVE
459|59|316|DeskA|6:Sam|Cathay Pacific Airways Ltd.|2025-09-17|SIMULATION|SIMULATION
460|60|7655|DeskB|2:Charles|Unilever ord|2022-02-18|DONE|LIVE
461|61|7619|DeskA|6:Sam|Asahi Chemical Ind.|2017-05-03|SIMULATION|SIMULATION
462|62|4118|DeskB|1:Will|Sumitomo Trust and Banking|2023-08-12|MATCHED|LIVE
463|63|9039|DeskB|7:Lucy|Mitsubishi Estate|2017-10-20|DONE|LIVE
464|64|5675|DeskB|6:Sam|Cosco Co.|2018-07-06|SIMULATION|SIMULATION
465|65|8551|DeskA|7:Lucy|Rockwell Automation  Inc.|2020-03-04|DONE|LIVE
466|66|5904|DeskA|4:Stan|Formosa Plastics Corporation|2026-04-29|MATCHED|LIVE
467|67|4662|DeskA|3:Henry|Sumitomo Electric|2022-04-29|DONE|LIVE
468|68|8255|DeskB|3:Henry|China Life Insurance Company Limited|2025-10-24|SIMULATION|SIMULATION
469|69|9896|DeskA|9:John|HSBC Holdings plc|2019-05-26|DONE|LIVE
470|70|6565|DeskB|0:John|Total System Services|2026-04-02|MATCHED|LIVE
471|71|6586|DeskA|4:Stan|Reed Elsevier PLC|2024-02-02|SIMULATION|SIMULATION
472|72|5586|DeskB|1:Will|Mitsubishi Electric Co.|2024-04-04|SIMULATION|SIMULATION
473|73|2396|DeskB|6:Sam|Toyota Industries|2025-01-02|SIMULATION|SIMULATION
474|74|4438|DeskA|7:Lucy|BHP Billiton Limited|2019-06-24|MATCHED|LIVE
475|75|4818|DeskB|4:Stan|Tyco International (New)|2020-01-31|DONE|LIVE
476|76|4581|DeskA|7:Lucy|Mitsui Mining and Sm.|2017-10-15|DONE|LIVE
477|77|1902|DeskA|2:Charles|Mitsubishi Tokyo Financial Group|2019-11-14|SIMULATION|SIMULATION
478|78|4548|DeskB|8:Luke|Vale R Doce-PNA (Companhia Vale do Rio Doce SA-CVRD) (ADR)|2022-12-04|MATCHED|LIVE
479|79|1688|DeskB|1:Will|Cathay Pacific Airways Ltd.|2026-01-16|MATCHED|LIVE
480|80|2041|DeskA|4:Stan|Unilever ord|2021-08-25|MATCHED|LIVE
481|81|4982|DeskB|2:Charles|Asahi Chemical Ind.|2018-10-28|SIMULATION|SIMULATION
482|82|3022|DeskA|8:Luke|Sumitomo Trust and Banking|2025-08-23|MATCHED|LIVE
483|83|1795|DeskB|8:Luke|Mitsubishi Estate|2019-08-08|SIMULATION|SIMULATION
484|84|5117|DeskA|6:Sam|Cosco Co.|2020-06-02|DONE|LIVE
485|85|7067|DeskB|5:Eric|Rockwell Automation  Inc.|2022-03-31|MATCHED|LIVE
486|86|8245|DeskB|4:Stan|Formosa Plastics Corporation|2021-07-25|DONE|LIVE
487|87|1981|DeskA|3:Henry|Sumitomo Electric|2017-10-30|SIMULATION|SIMULATION
488|88|1283|DeskB|4:Stan|China Life Insurance Company Limited|2018-08-03|MATCHED|LIVE
489|89|359|DeskB|8:Luke|HSBC Holdings plc|2026-05-09|MATCHED|LIVE
490|90|9242|DeskA|9:John|Total System Services|2024-07-13|DONE|LIVE
491|91|1293|DeskA|4:Stan|Reed Elsevier PLC|2026-07-25|MATCHED|LIVE
492|92|4571|DeskB|3:Henry|Mitsubishi Electric Co.|2017-06-13|SIMULATION|SIMULATION
493|93|7875|DeskA|0:John|Toyota Industries|2019-02-07|MATCHED|LIVE
494|94|9869|DeskA|7:Lucy|BHP Billiton Limited|2024-02-18|SIMULATION|SIMULATION
495|95|6317|DeskA|4:Stan|Tyco International (New)|2024-01-21|MATCHED|LIVE
496|96|5765|DeskA|5:Eric|Mitsui Mining and Sm.|2024-01-16|MATCHED|LIVE
497|97|4453|DeskB|2:Charles|Mitsubishi Tokyo Financial Group|2025-08-06|DONE|LIVE
498|98|7486|DeskB|0:John|Vale R Doce-PNA (Companhia Vale do Rio Doce SA-CVRD) (ADR)|2023-06-10|DONE|LIVE
499|99|149|DeskB|3:Henry|Cathay Pacific Airways Ltd.|2022-06-20|SIMULATION|SIMULATION
500|0|5267|DeskA|4:Stan|Unilever ord|2024-04-11|SIMULATION|SIMULATION
501|1|6584|DeskB|3:Henry|Asahi Chemical Ind.|2021-06-06|MATCHED|LIVE
502|2|6383|DeskA|8:Luke|Sumitomo Trust and Banking|2022-01-24|SIMULATION|SIMULATION
503|3|317|DeskA|9:John|Mitsubishi Estate|2025-03-30|DONE|LIVE
504|4|8003|DeskA|1:Will|Cosco Co.|2023-05-18|SIMULATION|SIMULATION
505|5|1796|DeskB|6:Sam|Rockwell Automation  Inc.|2025-01-18|SIMULATION|SIMULATION
506|6|224|DeskB|5:Eric|Formosa Plastics Corporation|2025-02-12|MATCHED|LIVE
507|7|6574|DeskA|8:Luke|Sumitomo Electric|2020-02-07|DONE|LIVE
508|8|6344|DeskA|9:John|China Life Insurance Company Limited|2021-01-15|MATCHED|LIVE
509|9|608|DeskB|1:Will|HSBC Holdings plc|2026-02-10|MATCHED|LIVE
510|10|8321|DeskA|5:Eric|Total System Services|2026-02-11|MATCHED|LIVE
511|11|4048|DeskA|4:Stan|Reed Elsevier PLC|2026-02-19|DONE|LIVE
512|12|577|DeskB|9:John|Mitsubishi Electric Co.|2018-09-18|MATCHED|LIVE
513|13|1478|DeskA|6:Sam|Toyota Industries|2026-03-14|DONE|LIVE
514|14|8050|DeskB|3:Henry|BHP Billiton Limited|2024-07-11|MATCHED|LIVE
515|15|2492|DeskA|3:Henry|Tyco International (New)|2025-06-03|SIMULATION|SIMULATION
516|16|6367|DeskB|5:Eric|Mitsui Mining and Sm.|2018-11-20|SIMULATION|SIMULATION
517|17|7326|DeskB|0:John|Mitsubishi Tokyo Financial Group|2020-05-08|SIMULATION|SIMULATION
518|18|4757|DeskA|7:Lucy|Vale R Doce-PNA (Companhia Vale do Rio Doce SA-CVRD) (ADR)|2026-06-18|MATCHED|LIVE
519|19|826|DeskA|4:Stan|Cathay Pacific Airways Ltd.|2019-02-09|DONE|LIVE
520|20|9635|DeskA|7:Lucy|Unilever ord|2018-08-30|SIMULATION|SIMULATION
521|21|6977|DeskB|5:Eric|Asahi Chemical Ind.|2017-12-24|DONE|LIVE
522|22|9513|DeskB|8:Luke|Sumitomo Trust and Banking|2021-05-08|MATCHED|LIVE
523|23|5076|DeskB|8:Luke|Mitsubishi Estate|2017-05-08|MATCHED|LIVE
524|24|5756|DeskB|7:Lucy|Cosco Co.|2017-12-24|MATCHED|LIVE
525|25|727|DeskB|6:Sam|Rockwell Automation  Inc.|2021-07-19|DONE|LIVE
526|26|3440|DeskA|9:John|Formosa Plastics Corporation|2026-09-21|MATCHED|LIVE
527|27|7888|DeskB|4:Stan|Sumitomo Electric|2020-06-23|DONE|LIVE
528|28|5228|DeskA|1:Will|China Life Insurance Company Limited|2021-07-25|DONE|LIVE
529|29|1672|DeskB|2:Charles|HSBC Holdings plc|2025-11-13|SIMULATION|SIMULATION
530|30|5241|DeskB|5:Eric|Total System Services|2018-04-11|MATCHED|LIVE
531|31|4024|DeskA|8:Luke|Reed Elsevier PLC|2024-05-27|SIMULATION|SIMULATION
532|32|9795|DeskB|4:Stan|Mitsubishi Electric Co.|2019-10-20|DONE|LIVE
533|33|8429|DeskB|0:John|Toyota Industries|2026-04-25|SIMULATION|SIMULATION
534|34|7078|DeskA|7:Lucy|BHP Billiton Limited|2023-06-25|SIMULATION|SIMULATION
535|35|2901|DeskB|3:Henry|Tyco International (New)|2027-02-17|MATCHED|LIVE
536|36|8801|DeskA|3:Henry|Mitsui Mining and Sm.|2023-10-29|SIMULATION|SIMULATION
537|37|1759|DeskA|8:Luke|Mitsubishi Tokyo Financial Group|2019-11-23|MATCHED|LIVE
538|38|902|DeskB|0:John|Vale R Doce-PNA (Companhia Vale do Rio Doce SA-CVRD) (ADR)|2018-03-12|SIMULATION|SIMULATION
539|39|750|DeskA|4:Stan|Cathay Pacific Airways Ltd.|2024-02-03|MATCHED|LIVE
540|40|4983|DeskA|0:John|Unilever ord|2023-03-31|DONE|LIVE
541|41|9718|DeskB|1:Will|Asahi Chemical Ind.|2021-09-25|DONE|LIVE
542|42|8426|DeskA|9:John|Sumitomo Trust and Banking|2019-09-12|SIMULATION|SIMULATION
543|43|5997|DeskA|8:Luke|Mitsubishi Estate|2023-12-24|SIMULATION|SIMULATION
544|44|7638|DeskB|6:Sam|Cosco Co.|2021-10-13|SIMULATION|SIMULATION
545|45|2155|DeskB|5:Eric|Rockwell Automation  Inc.|2022-12-18|MATCHED|LIVE
546|46|5283|DeskA|7:Lucy|Formosa Plastics Corporation|2023-06-24|MATCHED|LIVE
547|47|1546|DeskA|1:Will|Sumitomo Electric|2025-05-22|SIMULATION|SIMULATION
548|48|7981|DeskA|8:Luke|China Life Insurance Company Limited|2023-12-16|DONE|LIVE
549|49|8293|DeskA|2:Charles|HSBC Holdings plc|2026-10-15|SIMULATION|SIMULATION
550|50|8706|DeskA|5:Eric|Total System Services|2020-07-02|MATCHED|LIVE
551|51|7516|DeskA|3:Henry|Reed Elsevier PLC|2025-11-24|SIMULATION|SIMULATION
552|52|6334|DeskB|0:John|Mitsubishi Electric Co.|2019-03-13|MATCHED|LIVE
553|53|735|DeskA|8:Luke|Toyota Industries|2027-02-13|MATCHED|LIVE
554|54|1925|DeskB|5:Eric|BHP Billiton Limited|2024-09-13|MATCHED|LIVE
555|55|5358|DeskA|6:Sam|Tyco International (New)|2027-02-16|MATCHED|LIVE
556|56|9657|DeskA|7:Lucy|Mitsui Mining and Sm.|2020-02-10|MATCHED|LIVE
557|57|4399|DeskA|8:Luke|Mitsubishi Tokyo Financial Group|2018-09-27|MATCHED|LIVE
558|58|5888|DeskB|3:Henry|Vale R Doce-PNA (Companhia Vale do Rio Doce SA-CVRD) (ADR)|2023-06-01|SIMULATION|SIMULATION
559|59|7751|DeskA|7:Lucy|Cathay Pacific Airways Ltd.|2021-08-02|SIMULATION|SIMULATION
560|60|4415|DeskB|9:John|Unilever ord|2017-09-25|MATCHED|LIVE
561|61|3679|DeskA|4:Stan|Asahi Chemical Ind.|2023-10-25|DONE|LIVE
562|62|5744|DeskB|6:Sam|Sumitomo Trust and Banking|2017-10-01|MATCHED|LIVE
563|63|9072|DeskB|3:Henry|Mitsubishi Estate|2017-06-14|MATCHED|LIVE
564|64|6191|DeskB|7:Lucy|Cosco Co.|2026-09-05|SIMULATION|SIMULATION
565|65|4375|DeskA|3:Henry|Rockwell Automation  Inc.|2025-11-27|SIMULATION|SIMULATION
566|66|5369|DeskA|0:John|Formosa Plastics Corporation|2020-05-13|SIMULATION|SIMULATION
567|67|4161|DeskA|6:Sam|Sumitomo Electric|2026-08-16|DONE|LIVE
568|68|5435|DeskB|8:Luke|China Life Insurance Company Limited|2026-10-12|DONE|LIVE
569|69|2927|DeskA|9:John|HSBC Holdings plc|2020-12-23|DONE|LIVE
570|70|5912|DeskB|6:Sam|Total System Services|2024-07-26|SIMULATION|SIMULATION
571|71|4003|DeskA|1:Will|Reed Elsevier PLC|2023-04-02|MATCHED|LIVE
572|72|3523|DeskB|5:Eric|Mitsubishi Electric Co.|2017-10-09|DONE|LIVE
573|73|401|DeskB|3:Henry|Toyota Industries|2025-06-15|SIMULATION|SIMULATION
574|74|6736|DeskA|5:Eric|BHP Billiton Limited|2020-06-29|DONE|LIVE
575|75|1535|DeskB|1:Will|Tyco International (New)|2022-02-25|SIMULATION|SIMULATION
576|76|5879|DeskA|3:Henry|Mitsui Mining and Sm.|2019-06-03|SIMULATION|SIMULATION
577|77|964|DeskA|4:Stan|Mitsubishi Tokyo Financial Group|2023-08-28|DONE|LIVE
578|78|2097|DeskB|7:Lucy|Vale R Doce-PNA (Companhia Vale do Rio Doce SA-CVRD) (ADR)|2023-12-10|MATCHED|LIVE
579|79|4236|DeskB|0:John|Cathay Pacific Airways Ltd.|2023-06-10|DONE|LIVE
580|80|6152|DeskA|2:Charles|Unilever ord|2021-08-07|DONE|LIVE
581|81|5905|DeskB|5:Eric|Asahi Chemical Ind.|2022-04-23|MATCHED|LIVE
582|82|3051|DeskA|0:John|Sumitomo Trust and Banking|2018-06-05|SIMULATION|SIMULATION
583|83|8675|DeskB|5:Eric|Mitsubishi Estate|2021-09-09|MATCHED|LIVE
584|84|2023|DeskA|1:Will|Cosco Co.|2020-10-25|SIMULATION|SIMULATION
585|85|417|DeskB|8:Luke|Rockwell Automation  Inc.|2023-07-17|MATCHED|LIVE
586|86|7646|DeskB|0:John|Formosa Plastics Corporation|2023-09-30|DONE|LIVE
587|87|765|DeskA|9:John|Sumitomo Electric|2026-11-18|SIMULATION|SIMULATION
588|88|1987|DeskB|1:Will|China Life Insurance Company Limited|2026-03-05|MATCHED|LIVE
589|89|1164|DeskB|0:John|HSBC Holdings plc|2024-08-11|DONE|LIVE
590|90|7164|DeskA|5:Eric|Total System Services|2020-09-19|SIMULATION|SIMULATION
591|91|1683|DeskA|4:Stan|Reed Elsevier PLC|2027-03-26|MATCHED|LIVE
592|92|2814|DeskB|2:Charles|Mitsubishi Electric Co.|2023-05-18|MATCHED|LIVE
593|93|3002|DeskA|7:Lucy|Toyota Industries|2020-06-10|MATCHED|LIVE
594|94|8020|DeskA|1:Will|BHP Billiton Limited|2017-06-11|SIMULATION|SIMULATION
595|95|5724|DeskA|3:Henry|Tyco International (New)|2025-03-06|DONE|LIVE
596|96|4248|DeskA|2:Charles|Mitsui Mining and Sm.|2021-11-20|SIMULATION|SIMULATION
597|97|1861|DeskB|5:Eric|Mitsubishi Tokyo Financial Group|2024-01-25|DONE|LIVE
598|98|6776|DeskB|2:Charles|Vale R Doce-PNA (Companhia Vale do Rio Doce SA-CVRD) (ADR)|2024-01-27|DONE|LIVE
599|99|1058|DeskB|7:Lucy|Cathay Pacific Airways Ltd.|2024-02-01|MATCHED|LIVE
600|0|4370|DeskA|6:Sam|Unilever ord|2026-12-08|SIMULATION|SIMULATION
601|1|4916|DeskB|8:Luke|Asahi Chemical Ind.|2025-04-23|MATCHED|LIVE
602|2|8999|DeskA|2:Charles|Sumitomo Trust and Banking|2019-12-22|DONE|LIVE
603|3|7821|DeskA|2:Charles|Mitsubishi Estate|2023-04-27|SIMULATION|SIMULATION
604|4|3067|DeskA|7:Lucy|Cosco Co.|2024-09-24|MATCHED|LIVE
605|5|3248|DeskB|5:Eric|Rockwell Automation  Inc.|2020-09-01|DONE|LIVE
606|6|9363|DeskB|3:Henry|Formosa Plastics Corporation|2019-08-04|MATCHED|LIVE
607|7|5397|DeskA|9:John|Sumitomo Electric|2024-05-10|SIMULATION|SIMULATION
608|8|3317|DeskA|3:Henry|China Life Insurance Company Limited|2026-03-11|SIMULATION|SIMULATION
609|9|9810|DeskB|2:Charles|HSBC Holdings plc|2021-01-08|SIMULATION|SIMULATION
610|10|955|DeskA|0:John|Total System Services|2025-03-28|SIMULATION|SIMULATION
611|11|2450|DeskA|2:Charles|Reed Elsevier PLC|2017-10-22|SIMULATION|SIMULATION
612|12|2384|DeskB|9:John|Mitsubishi Electric Co.|2018-08-09|DONE|LIVE
613|13|3618|DeskA|8:Luke|Toyota Industries|2017-07-30|MATCHED|LIVE
614|14|5840|DeskB|9:John|BHP Billiton Limited|2019-05-20|MATCHED|LIVE
615|15|3374|DeskA|7:Lucy|Tyco International (New)|2019-03-30|SIMULATION|SIMULATION
616|16|6220|DeskB|3:Henry|Mitsui Mining and Sm.|2020-01-26|MATCHED|LIVE
617|17|8216|DeskB|0:John|Mitsubishi Tokyo Financial Group|2019-05-26|MATCHED|LIVE
618|18|5603|DeskA|1:Will|Vale R Doce-PNA (Companhia Vale do Rio Doce SA-CVRD) (ADR)|2020-11-29|DONE|LIVE
619|19|9249|DeskA|7:Lucy|Cathay Pacific Airways Ltd.|2021-01-29|SIMULATION|SIMULATION
620|20|1002|DeskA|8:Luke|Unilever ord|2022-11-28|MATCHED|LIVE
621|21|6205|DeskB|9:John|Asahi Chemical Ind.|2021-06-19|SIMULATION|SIMULATION
622|22|8565|DeskB|0:John|Sumitomo Trust and Banking|2022-11-06|DONE|LIVE
623|23|1507|DeskB|5:Eric|Mitsubishi Estate|2017-05-12|DONE|LIVE
624|24|6906|DeskB|9:John|Cosco Co.|2024-01-29|MATCHED|LIVE
625|25|906|DeskB|0:John|Rockwell Automation  Inc.|2026-01-07|DONE|LIVE
626|26|8821|DeskA|9:John|Formosa Plastics Corporation|2017-05-29|DONE|LIVE
627|27|7277|DeskB|3:Henry|Sumitomo Electric|2017-08-03|MATCHED|LIVE
628|28|8942|DeskA|6:Sam|China Life Insurance Company Limited|2024-07-20|SIMULATION|SIMULATION
629|29|280|DeskB|3:Henry|HSBC Holdings plc|2021-06-04|SIMULATION|SIMULATION
630|30|3604|DeskB|0:John|Total System Services|2019-07-29|MATCHED|LIVE
631|31|3847|DeskA|4:Stan|Reed Elsevier PLC|2027-01-26|DONE|LIVE
632|32|9061|DeskB|8:Luke|Mitsubishi Electric Co.|2025-09-15|MATCHED|LIVE
633|33|7885|DeskB|5:Eric|Toyota Industries|2025-06-26|SIMULATION|SIMULATION
634|34|2419|DeskA|9:John|BHP Billiton Limited|2019-06-21|SIMULATION|SIMULATION
635|35|5627|DeskB|9:John|Tyco International (New)|2021-06-14|SIMULATION|SIMULATION
636|36|7136|DeskA|5:Eric|Mitsui Mining and Sm.|2023-09-03|MATCHED|LIVE
637|37|1604|DeskA|2:Charles|Mitsubishi Tokyo Financial Group|2021-09-22|SIMULATION|SIMULATION
638|38|6402|DeskB|8:Luke|Vale R Doce-PNA (Companhia Vale do Rio Doce SA-CVRD) (ADR)|2019-03-19|SIMULATION|SIMULATION
639|39|8271|DeskA|5:Eric|Cathay Pacific Airways Ltd.|2025-12-22|MATCHED|LIVE
640|40|3071|DeskA|4:Stan|Unilever ord|2025-05-20|SIMULATION|SIMULATION
641|41|9300|DeskB|6:Sam|Asahi Chemical Ind.|2024-06-11|SIMULATION|SIMULATION
642|42|97|DeskA|3:Henry|Sumitomo Trust and Banking|2017-10-06|SIMULATION|SIMULATION
643|43|9901|DeskA|6:Sam|Mitsubishi Estate|2024-09-17|DONE|LIVE
644|44|6883|DeskB|1:Will|Cosco Co.|2022-08-20|MATCHED|LIVE
645|45|7623|DeskB|5:Eric|Rockwell Automation  Inc.|2020-01-12|DONE|LIVE
646|46|2658|DeskA|1:Will|Formosa Plastics Corporation|2019-07-28|SIMULATION|SIMULATION
647|47|3886|DeskA|4:Stan|Sumitomo Electric|2021-03-07|DONE|LIVE
648|48|8957|DeskA|4:Stan|China Life Insurance Company Limited|2023-08-19|SIMULATION|SIMULATION
649|49|7651|DeskA|1:Will|HSBC Holdings plc|2027-03-13|SIMULATION|SIMULATION
650|50|9525|DeskA|9:John|Total System Services|2024-01-17|DONE|LIVE
651|51|2361|DeskA|7:Lucy|Reed Elsevier PLC|2021-05-26|DONE|LIVE
652|52|9949|DeskB|6:Sam|Mitsubishi Electric Co.|2025-02-24|MATCHED|LIVE
653|53|2835|DeskA|0:John|Toyota Industries|2019-12-14|DONE|LIVE
654|54|714|DeskB|2:Charles|BHP Billiton Limited|2017-07-16|DONE|LIVE
655|55|4904|DeskA|8:Luke|Tyco International (New)|2026-03-19|SIMULATION|SIMULATION
656|56|5443|DeskA|3:Henry|Mitsui Mining and Sm.|2021-09-30|DONE|LIVE
657|57|9087|DeskA|1:Will|Mitsubishi Tokyo Financial Group|2024-05-02|MATCHED|LIVE
658|58|8721|DeskB|2:Charles|Vale R Doce-PNA (Companhia Vale do Rio Doce SA-CVRD) (ADR)|2017-12-25|DONE|LIVE
659|59|5107|DeskA|2:Charles|Cathay Pacific Airways Ltd.|2018-06-20|MATCHED|LIVE
660|60|3824|DeskB|8:Luke|Unilever ord|2019-03-06|MATCHED|LIVE
661|61|9839|DeskA|4:Stan|Asahi Chemical Ind.|2022-03-30|MATCHED|LIVE
662|62|7388|DeskB|9:John|Sumitomo Trust and Banking|2026-01-08|SIMULATION|SIMULATION
663|63|7649|DeskB|4:Stan|Mitsubishi Estate|2022-06-26|SIMULATION|SIMULATION
664|64|9701|DeskB|4:Stan|Cosco Co.|2023-05-11|SIMULATION|SIMULATION
665|65|7755|DeskA|0:John|Rockwell Automation  Inc.|2021-10-30|SIMULATION|SIMULATION
666|66|5867|DeskA|0:John|Formosa Plastics Corporation|2024-05-10|SIMULATION|SIMULATION
667|67|9757|DeskA|2:Charles|Sumitomo Electric|2018-05-09|MATCHED|LIVE
668|68|4113|DeskB|6:Sam|China Life Insurance Company Limited|2026-09-22|DONE|LIVE
669|69|5964|DeskA|6:Sam|HSBC Holdings plc|2022-12-19|MATCHED|LIVE
670|70|1677|DeskB|3:Henry|Total System Services|2024-04-21|MATCHED|LIVE
671|71|254|DeskA|6:Sam|Reed Elsevier PLC|2019-05-19|MATCHED|LIVE
672|72|3110|DeskB|5:Eric|Mitsubishi Electric Co.|2018-06-24|SIMULATION|SIMULATION
673|73|3963|DeskB|1:Will|Toyota Industries|2021-01-23|DONE|LIVE
674|74|580|DeskA|5:Eric|BHP Billiton Limited|2022-06-21|MATCHED|LIVE
675|75|5581|DeskB|6:Sam|Tyco International (New)|2019-06-26|MATCHED|LIVE
676|76|9252|DeskA|3:Henry|Mitsui Mining and Sm.|2017-07-15|SIMULATION|SIMULATION
677|77|5712|DeskA|0:John|Mitsubishi Tokyo Financial Group|2018-02-23|MATCHED|LIVE
678|78|961|DeskB|1:Will|Vale R Doce-PNA (Companhia Vale do Rio Doce SA-CVRD) (ADR)|2025-06-11|DONE|LIVE
679|79|3602|DeskB|7:Lucy|Cathay Pacific Airways Ltd.|2024-03-16|MATCHED|LIVE
680|80|4171|DeskA|6:Sam|Unilever ord|2023-02-15|MATCHED|LIVE
681|81|675|DeskB|1:Will|Asahi Chemical Ind.|2023-07-06|DONE|LIVE
682|82|2275|DeskA|3:Henry|Sumitomo Trust and Banking|2020-02-19|MATCHED|LIVE
683|83|6822|DeskB|3:Henry|Mitsubishi Estate|2018-05-16|MATCHED|LIVE
684|84|8700|DeskA|2:Charles|Cosco Co.|2021-09-14|DONE|LIVE
685|85|8654|DeskB|4:Stan|Rockwell Automation  Inc.|2018-02-02|DONE|LIVE
686|86|4252|DeskB|1:Will|Formosa Plastics Corporation|2022-05-14|DONE|LIVE
687|87|1569|DeskA|6:Sam|Sumitomo Electric|2020-04-30|SIMULATION|SIMULATION
688|88|136|DeskB|9:John|China Life Insurance Company Limited|2021-07-07|SIMULATION|SIMULATION
689|89|3000|DeskB|7:Lucy|HSBC Holdings plc|2017-06-14|MATCHED|LIVE
690|90|107|DeskA|3:Henry|Total System Services|2027-03-15|MATCHED|LIVE
691|91|1180|DeskA|7:Lucy|Reed Elsevier PLC|2025-12-21|SIMULATION|SIMULATION
692|92|9951|DeskB|6:Sam|Mitsubishi Electric Co.|2025-02-14|DONE|LIVE
693|93|9482|DeskA|6:Sam|Toyota Industries|2027-02-10|DONE|LIVE
694|94|1473|DeskA|5:Eric|BHP Billiton Limited|2018-05-14|SIMULATION|SIMULATION
695|95|9552|DeskA|0:John|Tyco International (New)|2023-06-04|MATCHED|LIVE
696|96|3905|DeskA|9:John|Mitsui Mining and Sm.|2019-07-28|SIMULATION|SIMULATION
697|97|3309|DeskB|6:Sam|Mitsubishi Tokyo Financial Group|2019-10-16|DONE|LIVE
698|98|2575|DeskB|9:John|Vale R Doce-PNA (Companhia Vale do Rio Doce SA-CVRD) (ADR)|2020-02-01|MATCHED|LIVE
699|99|8564|DeskB|0:John|Cathay Pacific Airways Ltd.|2018-11-02|DONE|LIVE
700|0|3471|DeskA|1:Will|Unilever ord|2021-11-04|DONE|LIVE
701|1|4601|DeskB|8:Luke|Asahi Chemical Ind.|2026-02-02|DONE|LIVE
702|2|4373|DeskA|1:Will|Sumitomo Trust and Banking|2023-02-18|MATCHED|LIVE
703|3|4178|DeskA|5:Eric|Mitsubishi Estate|2021-04-16|DONE|LIVE
704|4|1529|DeskA|3:Henry|Cosco Co.|2025-03-07|MATCHED|LIVE
705|5|9222|DeskB|8:Luke|Rockwell Automation  Inc.|2019-12-23|DONE|LIVE
706|6|6020|DeskB|1:Will|Formosa Plastics Corporation|2023-07-27|DONE|LIVE
707|7|5329|DeskA|2:Charles|Sumitomo Electric|2024-06-07|MATCHED|LIVE
708|8|5521|DeskA|9:John|China Life Insurance Company Limited|2026-06-30|DONE|LIVE
709|9|2494|DeskB|4:Stan|HSBC Holdings plc|2027-04-02|SIMULATION|SIMULATION
710|10|8060|DeskA|1:Will|Total System Services|2025-11-06|DONE|LIVE
711|11|491|DeskA|9:John|Reed Elsevier PLC|2017-08-03|SIMULATION|SIMULATION
712|12|4037|DeskB|8:Luke|Mitsubishi Electric Co.|2023-01-04|MATCHED|LIVE
713|13|3704|DeskA|2:Charles|Toyota Industries|2024-04-04|SIMULATION|SIMULATION
714|14|9246|DeskB|0:John|BHP Billiton Limited|2020-08-04|SIMULATION|SIMULATION
715|15|7975|DeskA|2:Charles|Tyco International (New)|2025-07-30|SIMULATION|SIMULATION
716|16|3496|DeskB|8:Luke|Mitsui Mining and Sm.|2024-10-14|SIMULATION|SIMULATION
717|17|6173|DeskB|1:Will|Mitsubishi Tokyo Financial Group|2018-02-13|MATCHED|LIVE
718|18|5930|DeskA|6:Sam|Vale R Doce-PNA (Companhia Vale do Rio Doce SA-CVRD) (ADR)|2024-04-19|DONE|LIVE
719|19|191|DeskA|4:Stan|Cathay Pacific Airways Ltd.|2022-09-19|SIMULATION|SIMULATION
720|20|9050|DeskA|8:Luke|Unilever ord|2024-05-25|DONE|LIVE
721|21|5318|DeskB|6:Sam|Asahi Chemical Ind.|2026-10-12|MATCHED|LIVE
722|22|6912|DeskB|0:John|Sumitomo Trust and Banking|2025-08-03|SIMULATION|SIMULATION
723|23|7867|DeskB|0:John|Mitsubishi Estate|2017-12-11|SIMULATION|SIMULATION
724|24|7386|DeskB|2:Charles|Cosco Co.|2018-10-11|SIMULATION|SIMULATION
725|25|3994|DeskB|3:Henry|Rockwell Automation  Inc.|2025-08-01|SIMULATION|SIMULATION
726|26|2514|DeskA|2:Charles|Formosa Plastics Corporation|2017-11-24|DONE|LIVE
727|27|8291|DeskB|5:Eric|Sumitomo Electric|2024-07-05|MATCHED|LIVE
728|28|8345|DeskA|2:Charles|China Life Insurance Company Limited|2018-03-14|SIMULATION|SIMULATION
729|29|3172|DeskB|5:Eric|HSBC Holdings plc|2021-01-12|DONE|LIVE
730|30|7296|DeskB|9:John|Total System Services|2020-06-26|DONE|LIVE
731|31|687|DeskA|8:Luke|Reed Elsevier PLC|2026-08-07|MATCHED|LIVE
732|32|921|DeskB|9:John|Mitsubishi Electric Co.|2024-05-14|DONE|LIVE
733|33|6074|DeskB|0:John|Toyota Industries|2024-06-02|SIMULATION|SIMULATION
734|34|8778|DeskA|0:John|BHP Billiton Limited|2023-01-28|SIMULATION|SIMULATION
735|35|2714|DeskB|6:Sam|Tyco International (New)|2020-10-08|MATCHED|LIVE
736|36|2649|DeskA|7:Lucy|Mitsui Mining and Sm.|2025-01-25|MATCHED|LIVE
737|37|3094|DeskA|4:Stan|Mitsubishi Tokyo Financial Group|2020-03-13|MATCHED|LIVE
738|38|5168|DeskB|0:John|Vale R Doce-PNA (Companhia Vale do Rio Doce SA-CVRD) (ADR)|2021-03-01|SIMULATION|SIMULATION
739|39|6105|DeskA|5:Eric|Cathay Pacific Airways Ltd.|2017-05-20|MATCHED|LIVE
740|40|2490|DeskA|1:Will|Unilever ord|2025-04-07|SIMULATION|SIMULATION
741|41|5552|DeskB|9:John|Asahi Chemical Ind.|2019-01-15|SIMULATION|SIMULATION
742|42|7220|DeskA|8:Luke|Sumitomo Trust and Banking|2018-11-22|SIMULATION|SIMULATION
743|43|424|DeskA|7:Lucy|Mitsubishi Estate|2017-05-10|DONE|LIVE
744|44|2364|DeskB|7:Lucy|Cosco Co.|2024-04-24|SIMULATION|SIMULATION
745|45|6609|DeskB|3:Henry|Rockwell Automation  Inc.|2018-12-19|MATCHED|LIVE
746|46|5397|DeskA|1:Will|Formosa Plastics Corporation|2018-02-21|DONE|LIVE
747|47|5005|DeskA|6:Sam|Sumitomo Electric|2024-06-22|SIMULATION|SIMULATION
748|48|8577|DeskA|1:Will|China Life Insurance Company Limited|2022-10-04|DONE|LIVE
749|49|864|DeskA|9:John|HSBC Holdings plc|2021-10-22|SIMULATION|SIMULATION
750|50|3893|DeskA|4:Stan|Total System Services|2019-03-05|DONE|LIVE
751|51|8257|DeskA|5:Eric|Reed Elsevier PLC|2017-09-04|MATCHED|LIVE
752|52|2696|DeskB|2:Charles|Mitsubishi Electric Co.|2023-08-29|DONE|LIVE
753|53|6552|DeskA|7:Lucy|Toyota Industries|2017-11-24|MATCHED|LIVE
754|54|8963|DeskB|0:John|BHP Billiton Limited|2019-04-18|MATCHED|LIVE
755|55|4909|DeskA|1:Will|Tyco International (New)|2022-05-29|MATCHED|LIVE
756|56|7777|DeskA|7:Lucy|Mitsui Mining and Sm.|2023-07-16|DONE|LIVE
757|57|975|DeskA|2:Charles|Mitsubishi Tokyo Financial Group|2025-09-11|SIMULATION|SIMULATION
758|58|3056|DeskB|3:Henry|Vale R Doce-PNA (Companhia Vale do Rio Doce SA-CVRD) (ADR)|2017-07-25|SIMULATION|SIMULATION
759|59|5946|DeskA|5:Eric|Cathay Pacific Airways Ltd.|2022-06-08|DONE|LIVE
760|60|7550|DeskB|6:Sam|Unilever ord|2024-09-08|MATCHED|LIVE
761|61|1967|DeskA|9:John|Asahi Chemical Ind.|2018-03-20|MATCHED|LIVE
762|62|3341|DeskB|4:Stan|Sumitomo Trust and Banking|2023-08-15|MATCHED|LIVE
763|63|1215|DeskB|3:Henry|Mitsubishi Estate|2025-04-26|SIMULATION|SIMULATION
764|64|6400|DeskB|5:Eric|Cosco Co.|2018-02-28|MATCHED|LIVE
765|65|5392|DeskA|9:John|Rockwell Automation  Inc.|2021-05-03|MATCHED|LIVE
766|66|5915|DeskA|9:John|Formosa Plastics Corporation|2026-06-14|SIMULATION|SIMULATION
767|67|886|DeskA|0:John|Sumitomo Electric|2023-05-27|DONE|LIVE
768|68|4997|DeskB|7:Lucy|China Life Insurance Company Limited|2018-08-23|MATCHED|LIVE
769|69|5866|DeskA|2:Charles|HSBC Holdings plc|2018-08-01|SIMULATION|SIMULATION
770|70|7065|DeskB|5:Eric|Total System Services|2021-04-18|SIMULATION|SIMULATION
771|71|4039|DeskA|3:Henry|Reed Elsevier PLC|2017-12-06|SIMULATION|SIMULATION
772|72|1120|DeskB|2:Charles|Mitsubishi Electric Co.|2024-04-12|MATCHED|LIVE
773|73|4311|DeskB|1:Will|Toyota Industries|2024-03-17|MATCHED|LIVE
774|74|8344|DeskA|0:John|BHP Billiton Limited|2020-11-26|DONE|LIVE
775|75|7929|DeskB|0:John|Tyco International (New)|2026-11-22|SIMULATION|SIMULATION
776|76|1632|DeskA|4:Stan|Mitsui Mining and Sm.|2027-04-20|SIMULATION|SIMULATION
777|77|5102|DeskA|4:Stan|Mitsubishi Tokyo Financial Group|2021-11-01|DONE|LIVE
778|78|5945|DeskB|3:Henry|Vale R Doce-PNA (Companhia Vale do Rio Doce SA-CVRD) (ADR)|2022-02-06|SIMULATION|SIMULATION
779|79|8855|DeskB|8:Luke|Cathay Pacific Airways Ltd.|2025-06-04|DONE|LIVE
780|80|4982|DeskA|0:John|Unilever ord|2019-07-30|SIMULATION|SIMULATION
781|81|4488|DeskB|7:Lucy|Asahi Chemical Ind.|2024-03-02|SIMULATION|SIMULATION
782|82|7420|DeskA|0:John|Sumitomo Trust and Banking|2017-07-07|SIMULATION|SIMULATION
783|83|5512|DeskB|8:Luke|Mitsubishi Estate|2024-12-28|DONE|LIVE
784|84|3906|DeskA|7:Lucy|Cosco Co.|2020-01-28|DONE|LIVE
785|85|3102|DeskB|8:Luke|Rockwell Automation  Inc.|2021-01-17|MATCHED|LIVE
786|86|9010|DeskB|5:Eric|Formosa Plastics Corporation|2020-02-29|SIMULATION|SIMULATION
787|87|9237|DeskA|7:Lucy|Sumitomo Electric|2019-04-04|DONE|LIVE
788|88|9509|DeskB|1:Will|China Life Insurance Company Limited|2026-03-22|SIMULATION|SIMULATION
789|89|1592|DeskB|7:Lucy|HSBC Holdings plc|2023-12-30|MATCHED|LIVE
790|90|7627|DeskA|9:John|Total System Services|2018-10-30|MATCHED|LIVE
791|91|7622|DeskA|5:Eric|Reed Elsevier PLC|2020-09-19|MATCHED|LIVE
792|92|1888|DeskB|9:John|Mitsubishi Electric Co.|2024-07-10|MATCHED|LIVE
793|93|6478|DeskA|1:Will|Toyota Industries|2018-09-05|SIMULATION|SIMULATION
794|94|5975|DeskA|1:Will|BHP Billiton Limited|2027-01-21|DONE|LIVE
795|95|4196|DeskA|8:Luke|Tyco International (New)|2022-11-11|SIMULATION|SIMULATION
796|96|1107|DeskA|6:Sam|Mitsui Mining and Sm.|2026-08-17|MATCHED|LIVE
797|97|1930|DeskB|4:Stan|Mitsubishi Tokyo Financial Group|2024-01-03|SIMULATION|SIMULATION
798|98|5992|DeskB|8:Luke|Vale R Doce-PNA (Companhia Vale do Rio Doce SA-CVRD) (ADR)|2020-07-29|DONE|LIVE
799|99|3047|DeskB|7:Lucy|Cathay Pacific Airways Ltd.|2022-12-14|SIMULATION|SIMULATION
800|0|7406|DeskA|4:Stan|Unilever ord|2022-02-05|MATCHED|LIVE
801|1|7203|DeskB|9:John|Asahi Chemical Ind.|2020-11-23|MATCHED|LIVE
802|2|9022|DeskA|3:Henry|Sumitomo Trust and Banking|2021-03-27|DONE|LIVE
803|3|456|DeskA|4:Stan|Mitsubishi Estate|2027-01-06|MATCHED|LIVE
804|4|7218|DeskA|9:John|Cosco Co.|2021-11-07|MATCHED|LIVE
805|5|7954|DeskB|5:Eric|Rockwell Automation  Inc.|2022-07-15|SIMULATION|SIMULATION
806|6|3256|DeskB|4:Stan|Formosa Plastics Corporation|2019-09-04|MATCHED|LIVE
807|7|7760|DeskA|3:Henry|Sumitomo Electric|2025-12-07|SIMULATION|SIMULATION
808|8|7328|DeskA|2:Charles|China Life Insurance Company Limited|2027-04-15|MATCHED|LIVE
809|9|1488|DeskB|7:Lucy|HSBC Holdings plc|2026-01-01|SIMULATION|SIMULATION
810|10|4345|DeskA|0:John|Total System Services|2022-02-13|SIMULATION|SIMULATION
811|11|9334|DeskA|1:Will|Reed Elsevier PLC|2021-12-23|MATCHED|LIVE
812|12|9479|DeskB|2:Charles|Mitsubishi Electric Co.|2024-11-06|SIMULATION|SIMULATION
813|13|1253|DeskA|4:Stan|Toyota Industries|2018-03-22|MATCHED|LIVE
814|14|320|DeskB|7:Lucy|BHP Billiton Limited|2021-06-07|MATCHED|LIVE
815|15|7283|DeskA|0:John|Tyco International (New)|2021-08-14|MATCHED|LIVE
816|16|5689|DeskB|0:John|Mitsui Mining and Sm.|2026-03-12|MATCHED|LIVE
817|17|585|DeskB|6:Sam|Mitsubishi Tokyo Financial Group|2022-04-04|SIMULATION|SIMULATION
818|18|3421|DeskA|7:Lucy|Vale R Doce-PNA (Companhia Vale do Rio Doce SA-CVRD) (ADR)|2021-07-25|DONE|LIVE
819|19|7473|DeskA|6:Sam|Cathay Pacific Airways Ltd.|2024-06-07|SIMULATION|SIMULATION
820|20|7574|DeskA|4:Stan|Unilever ord|2025-12-29|MATCHED|LIVE
821|21|7558|DeskB|0:John|Asahi Chemical Ind.|2027-02-25|MATCHED|LIVE
822|22|9777|DeskB|1:Will|Sumitomo Trust and Banking|2023-10-27|DONE|LIVE
823|23|2198|DeskB|3:Henry|Mitsubishi Estate|2023-12-16|SIMULATION|SIMULATION
824|24|5550|DeskB|6:Sam|Cosco Co.|2020-02-07|MATCHED|LIVE
825|25|9923|DeskB|4:Stan|Rockwell Automation  Inc.|2023-06-16|DONE|LIVE
826|26|3102|DeskA|7:Lucy|Formosa Plastics Corporation|2022-02-17|SIMULATION|SIMULATION
827|27|557|DeskB|4:Stan|Sumitomo Electric|2026-01-29|SIMULATION|SIMULATION
828|28|5491|DeskA|9:John|China Life Insurance Company Limited|2023-11-21|DONE|LIVE
829|29|5593|DeskB|8:Luke|HSBC Holdings plc|2021-11-03|MATCHED|LIVE
830|30|2738|DeskB|8:Luke|Total System Services|2026-09-10|SIMULATION|SIMULATION
831|31|7277|DeskA|4:Stan|Reed Elsevier PLC|2021-11-24|DONE|LIVE
832|32|7939|DeskB|6:Sam|Mitsubishi Electric Co.|2020-07-15|DONE|LIVE
833|33|7712|DeskB|0:John|Toyota Industries|2026-01-25|DONE|LIVE
834|34|3663|DeskA|9:John|BHP Billiton Limited|2026-05-13|MATCHED|LIVE
835|35|9934|DeskB|3:Henry|Tyco International (New)|2020-02-08|SIMULATION|SIMULATION
836|36|8481|DeskA|7:Lucy|Mitsui Mining and Sm.|2023-09-03|SIMULATION|SIMULATION
837|37|5234|DeskA|7:Lucy|Mitsubishi Tokyo Financial Group|2017-08-09|MATCHED|LIVE
838|38|854|DeskB|4:Stan|Vale R Doce-PNA (Companhia Vale do Rio Doce SA-CVRD) (ADR)|2023-05-24|SIMULATION|SIMULATION
839|39|3754|DeskA|7:Lucy|Cathay Pacific Airways Ltd.|2023-09-15|SIMULATION|SIMULATION
840|40|4988|DeskA|2:Charles|Unilever ord|2020-12-29|SIMULATION|SIMULATION
841|41|3526|DeskB|5:Eric|Asahi Chemical Ind.|2025-02-23|DONE|LIVE
842|42|1094|DeskA|8:Luke|Sumitomo Trust and Banking|2027-02-17|MATCHED|LIVE
843|43|8441|DeskA|4:Stan|Mitsubishi Estate|2025-02-01|DONE|LIVE
844|44|7013|DeskB|7:Lucy|Cosco Co.|2025-06-17|DONE|LIVE
845|45|3974|DeskB|5:Eric|Rockwell Automation  Inc.|2026-08-07|MATCHED|LIVE
846|46|6208|DeskA|6:Sam|Formosa Plastics Corporation|2019-11-29|SIMULATION|SIMULATION
847|47|7939|DeskA|1:Will|Sumitomo Electric|2025-04-23|MATCHED|LIVE
848|48|2861|DeskA|6:Sam|China Life Insurance Company Limited|2017-06-10|DONE|LIVE
849|49|6345|DeskA|5:Eric|HSBC Holdings plc|2022-04-28|DONE|LIVE
850|50|5573|DeskA|3:Henry|Total System Services|2017-05-10|DONE|LIVE
851|51|7505|DeskA|8:Luke|Reed Elsevier PLC|2024-03-23|DONE|LIVE
852|52|1427|DeskB|9:John|Mitsubishi Electric Co.|2023-11-29|MATCHED|LIVE
853|53|8232|DeskA|2:Charles|Toyota Industries|2019-05-18|SIMULATION|SIMULATION
854|54|6421|DeskB|2:Charles|BHP Billiton Limited|2021-09-04|SIMULATION|SIMULATION
855|55|2955|DeskA|8:Luke|Tyco International (New)|2019-06-18|MATCHED|LIVE
856|56|9001|DeskA|3:Henry|Mitsui Mining and Sm.|2023-05-21|MATCHED|LIVE
857|57|2699|DeskA|9:John|Mitsubishi Tokyo Financial Group|2017-11-02|SIMULATION|SIMULATION
858|58|3249|DeskB|9:John|Vale R Doce-PNA (Companhia Vale do Rio Doce SA-CVRD) (ADR)|2018-09-10|SIMULATION|SIMULATION
859|59|1562|DeskA|0:John|Cathay Pacific Airways Ltd.|2021-11-24|MATCHED|LIVE
860|60|8047|DeskB|3:Henry|Unilever ord|2019-06-19|MATCHED|LIVE
861|61|9324|DeskA|1:Will|Asahi Chemical Ind.|2023-11-19|SIMULATION|SIMULATION
862|62|1385|DeskB|4:Stan|Sumitomo Trust and Banking|2023-03-25|SIMULATION|SIMULATION
863|63|2359|DeskB|0:John|Mitsubishi Estate|2026-03-14|SIMULATION|SIMULATION
864|64|2693|DeskB|8:Luke|Cosco Co.|2021-02-21|SIMULATION|SIMULATION
865|65|1458|DeskA|0:John|Rockwell Automation  Inc.|2017-10-27|DONE|LIVE
866|66|9613|DeskA|6:Sam|Formosa Plastics Corporation|2022-11-04|DONE|LIVE
867|67|7273|DeskA|8:Luke|Sumitomo Electric|2025-08-09|SIMULATION|SIMULATION
868|68|1532|DeskB|0:John|China Life Insurance Company Limited|2025-06-29|DONE|LIVE
869|69|9686|DeskA|5:Eric|HSBC Holdings plc|2024-09-30|SIMULATION|SIMULATION
870|70|5087|DeskB|1:Will|Total System Services|2020-09-14|DONE|LIVE
871|71|409|DeskA|3:Henry|Reed Elsevier PLC|2021-02-06|DONE|LIVE
872|72|7237|DeskB|3:Henry|Mitsubishi Electric Co.|2019-03-15|SIMULATION|SIMULATION
873|73|5057|DeskB|5:Eric|Toyota Industries|2017-09-27|SIMULATION|SIMULATION
874|74|9007|DeskA|0:John|BHP Billiton Limited|2024-11-23|SIMULATION|SIMULATION
875|75|2065|DeskB|1:Will|Tyco International (New)|2025-04-13|SIMULATION|SIMULATION
876|76|2336|DeskA|8:Luke|Mitsui Mining and Sm.|2019-10-16|DONE|LIVE
877|77|5643|DeskA|9:John|Mitsubishi Tokyo Financial Group|2025-04-21|SIMULATION|SIMULATION
878|78|3660|DeskB|9:John|Vale R Doce-PNA (Companhia Vale do Rio Doce SA-CVRD) (ADR)|2021-12-22|SIMULATION|SIMULATION
879|79|2455|DeskB|3:Henry|Cathay Pacific Airways Ltd.|2019-12-27|SIMULATION|SIMULATION
880|80|29|DeskA|2:Charles|Unilever ord|2020-01-02|SIMULATION|SIMULATION
881|81|9261|DeskB|6:Sam|Asahi Chemical Ind.|2023-02-21|SIMULATION|SIMULATION
882|82|185|DeskA|5:Eric|Sumitomo Trust and Banking|2018-09-30|SIMULATION|SIMULATION
883|83|1942|DeskB|6:Sam|Mitsubishi Estate|2026-10-31|SIMULATION|SIMULATION
884|84|269|DeskA|3:Henry|Cosco Co.|2022-12-03|DONE|LIVE
885|85|8542|DeskB|6:Sam|Rockwell Automation  Inc.|2017-09-06|DONE|LIVE
886|86|8517|DeskB|9:John|Formosa Plastics Corporation|2018-07-30|DONE|LIVE
887|87|1029|DeskA|6:Sam|Sumitomo Electric|2020-12-03|SIMULATION|SIMULATION
888|88|6960|DeskB|3:Henry|China Life Insurance Company Limited|2018-08-06|MATCHED|LIVE
889|89|5720|DeskB|3:Henry|HSBC Holdings plc|2025-01-13|SIMULATION|SIMULATION
890|90|8016|DeskA|1:Will|Total System Services|2021-12-28|MATCHED|LIVE
891|91|5788|DeskA|1:Will|Reed Elsevier PLC|2018-05-22|SIMULATION|SIMULATION
892|92|4247|DeskB|5:Eric|Mitsubishi Electric Co.|2025-09-19|SIMULATION|SIMULATION
893|93|9732|DeskA|6:Sam|Toyota Industries|2023-08-05|MATCHED|LIVE
894|94|1116|DeskA|1:Will|BHP Billiton Limited|2024-09-17|DONE|LIVE
895|95|4885|DeskA|8:Luke|Tyco International (New)|2020-02-06|SIMULATION|SIMULATION
896|96|131|DeskA|4:Stan|Mitsui Mining and Sm.|2022-09-09|DONE|LIVE
897|97|3880|DeskB|8:Luke|Mitsubishi Tokyo Financial Group|2025-03-05|DONE|LIVE
898|98|5832|DeskB|7:Lucy|Vale R Doce-PNA (Companhia Vale do Rio Doce SA-CVRD) (ADR)|2023-05-29|DONE|LIVE
899|99|7304|DeskB|1:Will|Cathay Pacific Airways Ltd.|2026-01-02|SIMULATION|SIMULATION
900|0|7204|DeskA|0:John|Unilever ord|2019-06-21|DONE|LIVE
901|1|8495|DeskB|0:John|Asahi Chemical Ind.|2022-09-11|SIMULATION|SIMULATION
902|2|2949|DeskA|7:Lucy|Sumitomo Trust and Banking|2019-09-03|MATCHED|LIVE
903|3|3629|DeskA|6:Sam|Mitsubishi Estate|2021-03-23|MATCHED|LIVE
904|4|826|DeskA|8:Luke|Cosco Co.|2023-08-20|MATCHED|LIVE
905|5|6753|DeskB|6:Sam|Rockwell Automation  Inc.|2024-12-04|SIMULATION|SIMULATION
906|6|3908|DeskB|8:Luke|Formosa Plastics Corporation|2021-06-19|DONE|LIVE
907|7|6013|DeskA|7:Lucy|Sumitomo Electric|2019-07-05|DONE|LIVE
908|8|6102|DeskA|3:Henry|China Life Insurance Company Limited|2023-01-06|MATCHED|LIVE
909|9|8293|DeskB|3:Henry|HSBC Holdings plc|2018-06-05|SIMULATION|SIMULATION
910|10|6086|DeskA|2:Charles|Total System Services|2026-03-26|MATCHED|LIVE
911|11|6224|DeskA|1:Will|Reed Elsevier PLC|2019-05-30|DONE|LIVE
912|12|4041|DeskB|0:John|Mitsubishi Electric Co.|2025-08-22|MATCHED|LIVE
913|13|4965|DeskA|9:John|Toyota Industries|2023-01-05|SIMULATION|SIMULATION
914|14|4010|DeskB|3:Henry|BHP Billiton Limited|2020-02-28|SIMULATION|SIMULATION
915|15|4143|DeskA|1:Will|Tyco International (New)|2023-06-28|SIMULATION|SIMULATION
916|16|6435|DeskB|7:Lucy|Mitsui Mining and Sm.|2026-05-05|SIMULATION|SIMULATION
917|17|1497|DeskB|1:Will|Mitsubishi Tokyo Financial Group|2025-08-16|MATCHED|LIVE
918|18|4465|DeskA|5:Eric|Vale R Doce-PNA (Companhia Vale do Rio Doce SA-CVRD) (ADR)|2023-01-11|MATCHED|LIVE
919|19|6978|DeskA|8:Luke|Cathay Pacific Airways Ltd.|2023-10-05|DONE|LIVE
920|20|5444|DeskA|1:Will|Unilever ord|2024-11-05|MATCHED|LIVE
921|21|3866|DeskB|1:Will|Asahi Chemical Ind.|2025-10-05|SIMULATION|SIMULATION
922|22|3708|DeskB|4:Stan|Sumitomo Trust and Banking|2019-01-16|SIMULATION|SIMULATION
923|23|7171|DeskB|8:Luke|Mitsubishi Estate|2019-01-03|DONE|LIVE
924|24|6285|DeskB|4:Stan|Cosco Co.|2026-04-28|SIMULATION|SIMULATION
925|25|7840|DeskB|3:Henry|Rockwell Automation  Inc.|2026-03-27|DONE|LIVE
926|26|3995|DeskA|7:Lucy|Formosa Plastics Corporation|2025-07-13|SIMULATION|SIMULATION
927|27|9880|DeskB|0:John|Sumitomo Electric|2020-04-26|SIMULATION|SIMULATION
928|28|5422|DeskA|1:Will|China Life Insurance Company Limited|2020-11-04|SIMULATION|SIMULATION
929|29|2547|DeskB|9:John|HSBC Holdings plc|2020-12-24|DONE|LIVE
930|30|4063|DeskB|3:Henry|Total System Services|2020-08-05|SIMULATION|SIMULATION
931|31|7403|DeskA|5:Eric|Reed Elsevier PLC|2022-01-26|MATCHED|LIVE
932|32|4744|DeskB|2:Charles|Mitsubishi Electric Co.|2023-02-11|DONE|LIVE
933|33|4061|DeskB|8:Luke|Toyota Industries|2023-07-16|MATCHED|LIVE
934|34|6920|DeskA|5:Eric|BHP Billiton Limited|2020-12-24|MATCHED|LIVE
935|35|6757|DeskB|3:Henry|Tyco International (New)|2017-11-11|MATCHED|LIVE
936|36|972|DeskA|4:Stan|Mitsui Mining and Sm.|2025-06-03|DONE|LIVE
937|37|6741|DeskA|2:Charles|Mitsubishi Tokyo Financial Group|2021-03-04|SIMULATION|SIMULATION
938|38|7079|DeskB|0:John|Vale R Doce-PNA (Companhia Vale do Rio Doce SA-CVRD) (ADR)|2017-07-27|DONE|LIVE
939|39|413|DeskA|0:John|Cathay Pacific Airways Ltd.|2019-01-24|DONE|LIVE
940|40|154|DeskA|7:Lucy|Unilever ord|2022-12-11|SIMULATION|SIMULATION
941|41|1860|DeskB|6:Sam|Asahi Chemical Ind.|2019-10-10|SIMULATION|SIMULATION
942|42|5931|DeskA|6:Sam|Sumitomo Trust and Banking|2027-03-16|SIMULATION|SIMULATION
943|43|2973|DeskA|1:Will|Mitsubishi Estate|2018-10-24|DONE|LIVE
944|44|4674|DeskB|2:Charles|Cosco Co.|2021-09-13|DONE|LIVE
945|45|3762|DeskB|3:Henry|Rockwell Automation  Inc.|2020-11-20|MATCHED|LIVE
946|46|9223|DeskA|4:Stan|Formosa Plastics Corporation|2018-09-12|DONE|LIVE
947|47|7213|DeskA|0:John|Sumitomo Electric|2018-12-28|DONE|LIVE
948|48|3381|DeskA|1:Will|China Life Insurance Company Limited|2025-04-06|MATCHED|LIVE
949|49|7049|DeskA|4:Stan|HSBC Holdings plc|2024-05-27|MATCHED|LIVE
950|50|794|DeskA|1:Will|Total System Services|2025-12-05|SIMULATION|SIMULATION
951|51|3301|DeskA|6:Sam|Reed Elsevier PLC|2022-07-01|DONE|LIVE
952|52|2452|DeskB|2:Charles|Mitsubishi Electric Co.|2022-07-07|DONE|LIVE
953|53|1200|DeskA|9:John|Toyota Industries|2024-07-09|SIMULATION|SIMULATION
954|54|8372|DeskB|8:Luke|BHP Billiton Limited|2020-09-24|MATCHED|LIVE
955|55|1037|DeskA|0:John|Tyco International (New)|2017-12-02|SIMULATION|SIMULATION
956|56|2814|DeskA|3:Henry|Mitsui Mining and Sm.|2026-04-06|MATCHED|LIVE
957|57|657|DeskA|9:John|Mitsubishi Tokyo Financial Group|2020-07-03|MATCHED|LIVE
958|58|3767|DeskB|6:Sam|Vale R Doce-PNA (Companhia Vale do Rio Doce SA-CVRD) (ADR)|2024-09-09|SIMULATION|SIMULATION
959|59|4256|DeskA|8:Luke|Cathay Pacific Airways Ltd.|2026-08-26|SIMULATION|SIMULATION
960|60|1125|DeskB|9:John|Unilever ord|2021-11-13|MATCHED|LIVE
961|61|3186|DeskA|4:Stan|Asahi Chemical Ind.|2019-04-03|DONE|LIVE
962|62|4114|DeskB|9:John|Sumitomo Trust and Banking|2022-07-15|SIMULATION|SIMULATION
963|63|8115|DeskB|8:Luke|Mitsubishi Estate|2020-10-20|MATCHED|LIVE
964|64|2633|DeskB|4:Stan|Cosco Co.|2023-01-21|SIMULATION|SIMULATION
965|65|1102|DeskA|5:Eric|Rockwell Automation  Inc.|2024-12-04|DONE|LIVE
966|66|6599|DeskA|7:Lucy|Formosa Plastics Corporation|2020-08-06|DONE|LIVE
967|67|4978|DeskA|4:Stan|Sumitomo Electric|2022-04-29|MATCHED|LIVE
968|68|2043|DeskB|8:Luke|China Life Insurance Company Limited|2021-06-08|DONE|LIVE
969|69|4061|DeskA|0:John|HSBC Holdings plc|2026-04-23|MATCHED|LIVE
970|70|3237|DeskB|9:John|Total System Services|2024-05-25|DONE|LIVE
971|71|3987|DeskA|1:Will|Reed Elsevier PLC|2024-11-29|DONE|LIVE
972|72|9962|DeskB|2:Charles|Mitsubishi Electric Co.|2017-06-01|SIMULATION|SIMULATION
973|73|6695|DeskB|7:Lucy|Toyota Industries|2026-08-08|SIMULATION|SIMULATION
974|74|910|DeskA|9:John|BHP Billiton Limited|2017-06-19|DONE|LIVE
975|75|927|DeskB|5:Eric|Tyco International (New)|2025-12-22|MATCHED|LIVE
976|76|9912|DeskA|9:John|Mitsui Mining and Sm.|2020-08-12|DONE|LIVE
977|77|4084|DeskA|2:Charles|Mitsubishi Tokyo Financial Group|2021-02-16|MATCHED|LIVE
978|78|6817|DeskB|6:Sam|Vale R Doce-PNA (Companhia Vale do Rio Doce SA-CVRD) (ADR)|2026-10-26|MATCHED|LIVE
979|79|7327|DeskB|8:Luke|Cathay Pacific Airways Ltd.|2020-03-02|SIMULATION|SIMULATION
980|80|1780|DeskA|2:Charles|Unilever ord|2023-10-28|SIMULATION|SIMULATION
981|81|957|DeskB|6:Sam|Asahi Chemical Ind.|2024-12-17|MATCHED|LIVE
982|82|9199|DeskA|9:John|Sumitomo Trust and Banking|2023-03-14|SIMULATION|SIMULATION
983|83|2348|DeskB|9:John|Mitsubishi Estate|2024-12-31|MATCHED|LIVE
984|84|1360|DeskA|6:Sam|Cosco Co.|2026-06-01|MATCHED|LIVE
985|85|7131|DeskB|2:Charles|Rockwell Automation  Inc.|2021-04-02|DONE|LIVE
986|86|1545|DeskB|6:Sam|Formosa Plastics Corporation|2021-11-18|DONE|LIVE
987|87|2157|DeskA|4:Stan|Sumitomo Electric|2026-11-02|SIMULATION|SIMULATION
988|88|5181|DeskB|5:Eric|China Life Insurance Company Limited|2024-07-05|SIMULATION|SIMULATION
989|89|1798|DeskB|2:Charles|HSBC Holdings plc|2019-08-06|DONE|LIVE
990|90|3839|DeskA|9:John|Total System Services|2023-09-26|MATCHED|LIVE
991|91|2028|DeskA|1:Will|Reed Elsevier PLC|2024-02-07|DONE|LIVE
992|92|3289|DeskB|7:Lucy|Mitsubishi Electric Co.|2025-04-21|DONE|LIVE
993|93|8678|DeskA|6:Sam|Toyota Industries|2026-04-14|DONE|LIVE
994|94|3602|DeskA|9:John|BHP Billiton Limited|2019-05-02|SIMULATION|SIMULATION
995|95|7552|DeskA|6:Sam|Tyco International (New)|2023-05-07|MATCHED|LIVE
996|96|2791|DeskA|2:Charles|Mitsui Mining and Sm.|2026-08-15|MATCHED|LIVE
997|97|3637|DeskB|6:Sam|Mitsubishi Tokyo Financial Group|2017-06-12|SIMULATION|SIMULATION
998|98|2099|DeskB|4:Stan|Vale R Doce-PNA (Companhia Vale do Rio Doce SA-CVRD) (ADR)|2019-04-12|MATCHED|LIVE
999|99|531|DeskB|5:Eric|Cathay Pacific Airways Ltd.|2018-10-16|MATCHED|LIVE
